SUBDIVISION,YEAR,JAN,FEB,MAR,APR,MAY,JUN,JUL,AUG,SEP,OCT,NOV,DEC,ANNUAL,JF,MAM,JJAS,OND
Tamil Nadu,1901,24.5,39.1,21.7,36,74,41.8,49.3,67.9,191.1,122.3,212.3,80.4,960.3,63.6,131.6,350.1,415
Tamil Nadu,1902,67.2,9.8,25.1,21.9,84.7,39.3,55.1,113.8,98.6,282.2,174.9,165.8,1138.2,77,131.7,306.7,622.9
Tamil Nadu,1903,19.3,7.8,1.7,18.2,128.5,58.5,72.6,115,210.4,128.1,200.5,203.2,1163.9,27.1,148.4,456.5,531.9
Tamil Nadu,1904,35.2,0.1,0.7,19.5,121.9,34.9,89,40.4,85.7,163.2,23.6,49.1,663.1,35.3,142.1,249.9,235.8
Tamil Nadu,1905,6.5,7.5,17.2,64.8,83.7,49.8,39,101.8,73.5,250.4,123.7,3.2,821.1,14,165.7,264.1,377.2
Tamil Nadu,1906,52.4,12.9,17,8.5,39.6,43.6,76,195.2,65.3,162.8,189.1,127.7,990.2,65.4,65.1,380,479.6
Tamil Nadu,1907,8.4,1.2,25,78.9,56.6,46.1,70.4,58.2,117.2,160.4,200,63.2,885.6,9.6,160.5,291.9,423.6
Tamil Nadu,1908,16.8,36.9,25,24.5,70.3,34.2,37.5,48.4,154.2,261,36.1,20.1,765,53.7,119.8,274.3,317.2
Tamil Nadu,1909,116.5,11.2,7.7,68.6,117.4,30.8,36.1,206.6,106.1,158,74.7,20.8,954.6,127.7,193.8,379.7,253.6
Tamil Nadu,1910,9.2,21.2,2.4,26.8,64.7,51.5,148.1,142,52.4,278,146.7,0.6,943.7,30.4,93.8,394.2,425.3
Tamil Nadu,1911,2.8,1.1,6,30.8,72.1,70.7,50.3,28.9,120.5,125.6,176.2,130.1,814.9,3.9,108.9,270.3,431.9
Tamil Nadu,1912,5.9,2.8,2.9,18.5,64.2,46.7,34.8,74.2,126.7,244.2,259.3,23.9,904.1,8.7,85.6,282.4,527.5
Tamil Nadu,1913,2.9,3.2,6.6,21,64.6,29.7,58.7,62.3,124.8,203.4,184.1,117.7,878.8,6.1,92.2,275.4,505.1
Tamil Nadu,1914,5.7,1.9,5.6,34.6,57.1,37.9,37.6,98.4,132.2,281.2,129.1,132,953.3,7.6,97.3,306.1,542.3
Tamil Nadu,1915,35.1,18.1,43.6,37,52.4,66.4,117.7,82.9,133,99.9,241,61.5,988.5,53.2,133,399.9,402.3
Tamil Nadu,1916,0.1,3.2,3.1,19.2,61.1,34.5,168.6,125.5,94.7,208.6,145.7,33.2,897.4,3.3,83.3,423.4,387.5
Tamil Nadu,1917,14.3,39.1,32.3,11.9,77.5,72.4,45.1,155.7,163.5,123.1,167.5,45.9,948.3,53.4,121.7,436.7,336.5
Tamil Nadu,1918,80.9,5.4,25.9,9.9,81.8,36.2,40.8,58.6,47,81.8,315.1,88.4,871.7,86.3,117.6,182.5,485.3
Tamil Nadu,1919,22.9,0.8,16.2,25,88.5,49.9,87.8,51.6,162.7,152.4,264.4,106.4,1028.6,23.7,129.7,352,523.2
Tamil Nadu,1920,135.9,3.1,3.7,67.3,59.6,47.3,37.3,74.8,156.3,159.4,404.9,4.7,1154.2,139,130.5,315.7,569
Tamil Nadu,1921,141.2,0,1.7,72.3,39.5,55.7,92.5,129.6,78.3,236.4,76,56.1,979.4,141.3,113.5,356.1,368.6
Tamil Nadu,1922,41.9,18.1,2.5,34.9,100.1,48.8,45.4,87.1,75.3,262.8,291.8,71.6,1080.5,60.1,137.5,256.7,626.2
Tamil Nadu,1923,136,2.5,50.1,26.6,30.8,33.7,40.5,39.8,99.8,220.3,44.3,109.7,834.1,138.5,107.5,213.8,374.3
Tamil Nadu,1924,29.7,0.7,31.3,30.2,75.4,54.9,113.9,87.1,170.8,107.1,163.5,30.6,895.1,30.4,136.9,426.7,301.2
Tamil Nadu,1925,17.6,4.6,57.2,30.1,85,50.6,38.7,91.7,77.3,148.9,229,182.8,1013.3,22.1,172.2,258.3,560.8
Tamil Nadu,1926,88,2.2,30.4,41.4,53.7,38.7,73.8,70.5,120.2,151.5,119.2,26.1,815.6,90.2,125.5,303.2,296.7
Tamil Nadu,1927,18,21.6,17.2,50.7,73.7,83.1,65.9,77.8,131,87.2,171.3,32.5,829.9,39.6,141.6,357.8,291
Tamil Nadu,1928,21,54.9,24,56.9,51,41.1,75.5,95.2,59.7,219,173.8,98.8,970.8,75.9,131.9,271.5,491.6
Tamil Nadu,1929,20.4,29.2,9.4,107.3,50.7,63.2,48.9,70.7,135.1,161.2,192,89.6,977.7,49.6,167.4,317.9,442.8
Tamil Nadu,1930,53.6,60.3,21.4,34.4,165.7,68.9,38.9,66.7,94.2,436.1,186.5,48.7,1275.4,113.9,221.4,268.7,671.4
Tamil Nadu,1931,22.7,0,3.3,55.6,54.2,40.8,77.3,81.7,104.7,120.3,183.4,295.8,1039.8,22.7,113,304.4,599.5
Tamil Nadu,1932,0.7,31.9,7.3,62.9,109.6,43,56.5,163.5,61.6,247.4,246.9,78.5,1109.8,32.6,179.8,324.6,572.8
Tamil Nadu,1933,2.7,5,41.2,52.5,105.3,36.9,60.7,169.9,104.5,201.8,124.5,105.9,1010.9,7.7,199.1,372,432.2
Tamil Nadu,1934,99.8,0.1,11.6,34.6,49.6,73.5,57.5,56.4,38.1,303.4,99.2,15.9,839.7,99.9,95.9,225.5,418.4
Tamil Nadu,1935,37.5,2.5,9.3,63.9,23.7,60,38.6,153.4,78.6,192.4,147.6,86.3,893.9,40,96.9,330.6,426.3
Tamil Nadu,1936,1.9,51.1,55.3,35.7,74.4,56.3,85.5,59.4,122,103.7,234.5,64.7,944.5,53,165.3,323.2,402.9
Tamil Nadu,1937,10.7,16.7,26.7,96.1,59.9,42.3,51.1,118.1,105.7,189.8,280.1,22.8,1020.1,27.4,182.7,317.2,492.8
Tamil Nadu,1938,1.2,52.1,34.8,44.5,54.3,53,101.4,146.3,116.8,87.5,39.3,51.8,783.2,53.3,133.7,417.5,178.6
Tamil Nadu,1939,31.1,5,26,132.1,60,60.4,35.1,91.3,96.2,243.8,266.2,8.6,1055.8,36.1,218.1,283,518.6
Tamil Nadu,1940,0.9,0.7,12.6,82.8,131.5,85.2,59,69.4,121.2,152,367.8,95.4,1178.5,1.6,226.9,334.8,615.2
Tamil Nadu,1941,31.7,4.4,1.4,58.6,70.9,47.1,69.6,84.7,166.4,148.1,216.4,107.5,1006.9,36.1,130.9,367.8,472.1
Tamil Nadu,1942,0.5,0.6,6,78.6,61.3,53.1,54.9,110.1,120.8,146.5,68,146.9,847.3,1.1,145.8,338.9,361.4
Tamil Nadu,1943,112,18.5,10.8,72.1,204.4,43.2,75.3,78.8,101.1,310.6,117.4,43.2,1187.3,130.5,287.3,298.4,471.1
Tamil Nadu,1944,18.4,34.6,83.5,32.7,46.1,81.8,73.8,104.7,143.5,188.8,288.8,130.9,1227.6,53,162.3,403.9,608.5
Tamil Nadu,1945,4.6,5.5,5,74.7,38.2,22,75.1,110.1,58.6,168.4,206.8,15,784,10.1,117.9,265.7,390.3
Tamil Nadu,1946,19.8,1,46.4,45.7,76.4,56.8,59.3,87.7,140.8,175.5,311.2,273.5,1294.1,20.8,168.4,344.7,760.2
Tamil Nadu,1947,59.5,14.8,54.4,92.8,40.9,54.1,125.5,113.4,127.6,205.9,30.5,20,939.5,74.3,188.2,420.7,256.4
Tamil Nadu,1948,51.7,9.9,10.6,35.3,72.5,67.5,79.8,102.3,68.8,145.4,226.2,36.6,906.7,61.6,118.4,318.4,408.3
Tamil Nadu,1949,8.6,3,0.6,62.3,98.2,75.6,113.6,148.2,82.3,159.4,86.4,2.3,840.7,11.6,161.2,419.7,248.1
Tamil Nadu,1950,2.4,68,16.8,11.8,54.5,31.2,56.1,125.3,85.5,160.6,100.7,34.6,747.5,70.4,83.1,298.1,296
Tamil Nadu,1951,11.7,0.8,26.7,115.2,83,30.8,83.6,94.7,113.4,98.3,187.2,9.6,855.1,12.6,224.9,322.5,295.1
Tamil Nadu,1952,13.7,47.7,8.9,29.5,58.7,32.9,74.3,73.7,38.2,123.8,47.2,167.6,716.4,61.4,97.1,219.2,338.7
Tamil Nadu,1953,13,15.8,4.8,97.8,45.8,67.6,111.7,86.2,131.1,278.2,97.1,18.9,968,28.8,148.5,396.5,394.2
Tamil Nadu,1954,77.5,2.7,58.2,54.2,77.9,35.5,118.5,147.2,34,271,32.6,107,1016.3,80.2,190.3,335.1,410.6
Tamil Nadu,1955,35.7,1.3,10.3,85.3,149.4,47.8,73.4,88.1,128.2,165.2,130.6,145.3,1060.6,37,245,337.4,441.1
Tamil Nadu,1956,22.9,0.5,1,34.3,35.1,98,46,99.2,126.4,255.8,225.5,45.1,989.7,23.4,70.4,369.6,526.3
Tamil Nadu,1957,1.2,10.3,15.1,14.8,81.1,65.4,64,60.8,73.5,203.3,200.4,77.1,866.9,11.5,111,263.6,480.8
Tamil Nadu,1958,12.1,6,27.2,49.4,114.7,33,47.3,147.7,80,155.2,154.4,25.5,852.5,18.1,191.3,308,335.2
Tamil Nadu,1959,3.7,34.8,0.1,51.4,68.2,83.5,60.6,62.1,99.1,187,190.4,53.4,894.3,38.5,119.7,305.3,430.8
Tamil Nadu,1960,5.5,9.9,21,60,60.9,35.9,146.8,55.6,108.4,134.5,354.1,21.2,1013.9,15.4,141.9,346.7,509.9
Tamil Nadu,1961,76,12.7,2.2,23.9,71.9,73.8,99.4,110.4,122.2,154.7,107.5,56.1,910.7,88.6,98,405.7,318.3
Tamil Nadu,1962,10,23.6,13.6,48.4,114.1,44,56.7,130.5,114.8,275.7,63.1,47.1,941.6,33.6,176.2,345.9,385.9
Tamil Nadu,1963,76.2,4.8,39.1,56.5,45.1,49.9,93.1,88.7,115,173.4,195,135.9,1072.8,81,140.7,346.8,504.3
Tamil Nadu,1964,1.6,1.2,15.5,11.4,56.8,31.3,174.7,100.8,92.3,187.7,166.4,70.9,910.6,2.7,83.8,399.1,424.9
Tamil Nadu,1965,1.8,7.2,10.1,63.8,40.9,33.5,55.4,169.8,92.7,123.9,120.3,202.3,921.8,9,114.8,351.4,446.6
Tamil Nadu,1966,16,1.6,11.9,33.4,51.8,51.6,76.4,143.4,166.1,290.6,224.3,99.8,1166.9,17.6,97.1,437.5,614.7
Tamil Nadu,1967,28.9,1,40.4,19.3,47.6,69.1,69.4,81.2,76.2,182.3,127.1,156.7,899.1,29.9,107.2,295.9,466.1
Tamil Nadu,1968,4.6,5.6,36.5,85.9,46.9,47.9,53.7,65,137.7,111.8,121.1,72.7,789.4,10.2,169.3,304.3,305.6
Tamil Nadu,1969,1.5,7.2,3.5,32.1,57,30.4,60.9,139.7,36.8,275.1,190.5,127.1,961.8,8.7,92.6,267.8,592.7
Tamil Nadu,1970,15.9,18,9.2,61.8,85.4,51.6,88.9,98.5,102.4,195.1,199.9,15.3,942.1,34,156.5,341.3,410.3
Tamil Nadu,1971,19.3,11.1,37.8,40.6,75.7,46.9,87.2,127.8,109,221.3,71.3,199.6,1047.6,30.4,154.2,370.9,492.2
Tamil Nadu,1972,4,1.2,1,14,151.1,55.1,49.2,42.7,175.3,273.1,126,200.6,1093.4,5.2,166.2,322.3,599.8
Tamil Nadu,1973,0.3,0.2,5.3,20.7,57,63.5,92.3,87.6,130.4,195.2,79.1,127.1,858.5,0.5,82.9,373.7,401.4
Tamil Nadu,1974,0.6,8.9,6.7,30.4,59.5,40.6,79.8,63.5,178,114.8,47.8,22.2,652.8,9.4,96.6,361.9,184.8
Tamil Nadu,1975,6,4.3,34.8,20.8,80.8,46.8,129.1,121.3,147.8,165.3,130.3,36.4,923.6,10.3,136.3,445,332
Tamil Nadu,1976,1.2,0.2,8.4,50.1,33.8,48.6,64,129.9,83.7,137.6,244.9,56.6,858.9,1.4,92.3,326.1,439.1
Tamil Nadu,1977,1.4,24.8,10.4,45.5,104.1,50.6,55.4,128.3,118.6,347.5,346.8,12.6,1246,26.2,160,353,706.9
Tamil Nadu,1978,1.4,11.2,10.9,35.9,55.2,29.4,78.2,55.4,137.2,151.4,234.6,198.1,998.8,12.6,102,300.2,584.1
Tamil Nadu,1979,0.7,43.5,12.5,15.3,35.1,60.2,75.2,80.2,183.1,132.6,416.7,48.2,1103.4,44.2,62.9,398.7,597.5
Tamil Nadu,1980,0.1,0,15.4,45.9,69.2,37.7,64.9,64.2,76.3,122.3,166.2,47,709.1,0.1,130.4,243,335.5
Tamil Nadu,1981,8.9,1.3,21.7,23.7,87.2,57,117,91.8,200.5,258,106.4,72.5,1045.9,10.1,132.6,466.3,436.8
Tamil Nadu,1982,0.2,0.1,8.6,25.2,58.8,49.8,52.5,44.5,93.4,114,200.8,30.9,678.6,0.3,92.5,240.1,345.7
Tamil Nadu,1983,0.2,0.2,1.9,5.5,86.9,72.9,77.9,132,154.6,138.7,94.5,242.6,1007.7,0.4,94.2,437.3,475.7
Tamil Nadu,1984,34.5,131.3,101.7,45.4,21.6,43.6,149.5,38,151.3,134.8,113.5,58.5,1023.8,165.9,168.7,382.4,306.8
Tamil Nadu,1985,89.7,5.2,11.9,43.9,33.4,108.8,81.2,129.7,161.6,107.3,233.3,57.4,1063.5,94.9,89.3,481.2,398.1
Tamil Nadu,1986,65.5,39,16.1,20.9,62.7,63.4,66.9,115.2,142.3,170.5,133.4,57.1,953,104.4,99.7,387.7,361
Tamil Nadu,1987,8,1.2,28.7,20,50.5,70.5,26.1,82.8,127,236.7,136.9,175,963.5,9.2,99.2,306.4,548.6
Tamil Nadu,1988,0.2,3.8,27.4,94.6,59.1,41.1,102.6,149.8,136.1,71.8,117.6,33.1,837.2,4,181.1,429.7,222.4
Tamil Nadu,1989,2.7,0,27.9,40.8,53.6,57.4,154.9,39.7,137.3,148.6,154,39.8,856.5,2.7,122.2,389.2,342.4
Tamil Nadu,1990,84.8,10.2,36.2,24.3,94.9,28.9,40,80.1,119.6,194.1,144,46.1,903.2,95,155.3,268.7,384.2
Tamil Nadu,1991,24.2,4.6,9.7,37.4,29.5,128.1,54.7,71.7,114,225.1,234.4,21.4,954.8,28.9,76.6,368.5,480.9
Tamil Nadu,1992,3.1,0.2,0,22.5,58.3,66.4,77.9,59.9,157.3,123.9,297.2,52.1,918.7,3.3,80.8,361.4,473.2
Tamil Nadu,1993,0.1,7,9.9,11.2,46.6,68.2,60.3,88.8,96.7,214.5,315.9,163.1,1082.3,7.1,67.7,314,693.5
Tamil Nadu,1994,7,27.6,5.5,48.3,66.6,38.6,75.3,66.1,84.2,230.6,229.1,27,905.9,34.6,120.5,264.2,486.6
Tamil Nadu,1995,23.8,3.3,16.7,39.5,139,64.6,86.7,121.1,94,143.1,107.9,3.7,843.4,27.1,195.2,366.4,254.7
Tamil Nadu,1996,7.6,3.6,5,91.5,34,125.3,55.4,112.4,141.2,149.7,106,237.6,1069.4,11.3,130.5,434.3,493.3
Tamil Nadu,1997,7.7,0.2,2.3,42,49.2,50.4,63.5,56.4,116,169.5,258.1,135.2,950.5,7.9,93.5,286.3,562.8
Tamil Nadu,1998,6.9,5.7,4.1,23.6,55.8,43,101.9,152.9,121.8,124.7,242,197.4,1079.7,12.5,83.6,419.6,564
Tamil Nadu,1999,8.3,24.1,3.9,56.9,74.5,46.4,55.3,74.8,73.1,268.9,182.8,53.6,922.6,32.3,135.3,249.6,505.3
Tamil Nadu,2000,30.3,74.5,9.4,41.6,54.7,52.2,45.8,136.1,169.8,120.3,148.6,88.9,972,104.7,105.6,403.9,357.8
Tamil Nadu,2001,21.8,10.9,13,93.8,45,39.9,37.2,18.7,53.8,69.5,52.3,27.6,483.4,32.7,151.8,149.5,149.3
Tamil Nadu,2002,2.9,22.1,3.9,9.2,32.6,23.7,11.8,26.5,32.2,93.7,47.2,12.2,318,25,45.7,94.2,153.1
Tamil Nadu,2003,0.3,4.1,18,17.1,19.8,22.5,38.7,49.3,26.1,86,59.5,7.1,348.5,4.4,54.8,136.6,152.6
Tamil Nadu,2004,2.8,0.7,3,16.2,101.1,21.2,98.6,85.1,208.3,271.1,204.5,25,1037.6,3.5,120.3,413.2,500.6
Tamil Nadu,2005,4.1,11.1,24.4,128,80.6,35.7,87.9,93.3,117.9,280.5,353.4,148.5,1365.3,15.2,233,334.8,782.3
Tamil Nadu,2006,15.3,0.2,52.4,32.6,65.2,57.2,33.6,73.4,116.3,240.4,215.1,26.1,927.9,15.5,150.2,280.6,481.6
Tamil Nadu,2007,7.2,7.5,1.8,58,44.9,73.1,101,136.5,89.1,248.9,79.2,219.9,1067.2,14.7,104.7,399.7,548
Tamil Nadu,2008,11.7,29.1,164.7,31.5,53.7,51.1,73.1,126.5,70.7,242.7,298.5,50.1,1203.4,40.8,250,321.5,591.2
Tamil Nadu,2009,7.9,0,41,41.4,74.8,27,42.1,96.9,114.4,62.1,314.7,106.2,928.5,7.9,157.2,280.4,482.9
Tamil Nadu,2010,11.8,0.2,1.9,22.9,91.9,70,81.4,102.9,111.1,148.1,328.6,124.5,1095.2,11.9,116.7,365.4,601.2
Tamil Nadu,2011,4.3,11.2,8,91.5,33.4,56,45.5,128.9,76,200.4,230.5,41,926.5,15.5,132.8,306.4,471.8
Tamil Nadu,2012,3,0.1,2.5,35.5,41.9,30.1,46.5,98,84.9,235.2,44.5,14,636.1,3.1,79.9,259.5,293.6
Tamil Nadu,2013,3.9,30.9,30,20.3,42,54.6,42.7,110.7,113.5,127.9,112.3,53.2,741.9,34.8,92.2,321.5,293.4
Tamil Nadu,2014,7.4,6.1,8.1,8.3,139.1,47.8,50.6,117.7,98.9,252.2,110.8,66,913,13.4,155.5,315.1,428.9
Tamil Nadu,2015,8.3,2.3,21.7,108.8,112.4,62.4,43.5,81.6,98.4,132.6,379.8,152.8,1204.6,10.6,242.8,285.9,665.3
Tamil Nadu,2016,2.5,0.8,3.1,6.3,102.5,63,86.8,55.1,49,65.8,33.8,66.5,535,3.3,111.9,253.9,166
Tamil Nadu,2017,37.3,1.1,35.4,17.3,73.5,47.9,42,159.4,165.3,155.5,141.5,96.8,973,38.4,126.1,414.6,393.9
Tamil Nadu,2018,52.1,45.4,55.6,75.8,95.3,125.4,150.8,135.4,125.7,95.6,65.4,60.5,1082.9,97.5,226.7,537.3,221.4
Tamil Nadu,2019,55.3,48.2,58.3,80.2,100.7,130.6,160.4,145.6,135.7,100.4,70.1,65.3,1164.8,103.5,239.2,573.8,248.3
Tamil Nadu,2020,58.4,51.6,62.4,85.3,105.4,140.3,170.5,155.7,145.8,105.6,75.8,70.2,1246.9,110.0,253.1,609.6,274.2
Tamil Nadu,2021,61.7,54.8,66.3,90.1,110.3,150.8,180.4,165.9,155.7,110.8,80.7,75.4,1324.9,116.5,266.5,645.7,296.2
Tamil Nadu,2022,64.5,58.2,70.4,95.7,115.8,160.3,190.7,175.3,165.6,115.6,85.4,80.6,1407.3,122.7,281.9,681.8,320.9
Tamil Nadu,2023,67.8,61.5,74.3,100.4,120.7,170.4,200.5,185.6,175.3,120.4,90.1,85.7,1492.7,129.3,295.4,717.8,350.5
Coastal Karnataka,1901,1.8,0.6,10.7,52.4,81.6,960.9,991.2,606.4,108,120.5,104.9,17.8,3056.9,2.4,144.7,2666.6,243.3
Coastal Karnataka,1902,3.2,0.3,4.9,10.2,54.6,698.4,1401.6,454.2,708.4,180.4,50.8,132.2,3699.2,3.5,69.7,3262.6,363.5
Coastal Karnataka,1903,0.7,0,0,4.1,202.8,536.5,1405.5,593.8,304.4,185,79.3,5.3,3317.4,0.7,206.9,2840.1,269.6
Coastal Karnataka,1904,2.4,0,4.8,23.7,93.2,1108.2,1070,465.6,245.3,127.2,0.7,0,3141.1,2.4,121.7,2889.1,127.9
Coastal Karnataka,1905,0,0.2,0,6.4,83.1,767.3,777.3,586.9,172.9,222.2,36.1,0,2652.3,0.2,89.4,2304.3,258.4
Coastal Karnataka,1906,23,0,0,0.5,29.8,593.6,1173.4,535,273.3,128.5,22.1,56.8,2836,23,30.3,2575.2,207.5
Coastal Karnataka,1907,7,0,2.7,91.3,19,845.9,1166.3,1026.1,223.6,87.7,55.8,9.8,3535.2,7,113,3261.9,153.2
Coastal Karnataka,1908,0,3.1,0.9,46.1,38,708.6,1904.9,766.6,128,56.8,2.5,0,3655.5,3.1,85,3508.1,59.3
Coastal Karnataka,1909,4,1,3.7,6.3,200.1,943.1,1285.6,315.6,293.8,68.8,47.8,3.2,3172.9,5,210.1,2838.1,119.8
Coastal Karnataka,1910,0,0,5,6.2,40.2,1042.2,589.5,651.2,441.7,177.8,67,0,3020.8,0,51.4,2724.7,244.8
Coastal Karnataka,1911,0,0,0,3.2,71,749.5,830.1,538.3,110.3,160.8,41.6,17.5,2522.3,0,74.2,2228.2,219.9
Coastal Karnataka,1912,1.1,0,0,30.5,64,787.6,1261.5,789.2,160.8,220.9,80.1,0.4,3395.9,1.1,94.4,2999.1,301.4
Coastal Karnataka,1913,0,0.4,0.5,10.6,74.2,786.5,1048,410.7,161,339.1,1.2,4,2836.3,0.4,85.3,2406.3,344.3
Coastal Karnataka,1914,0,0,0,7.2,36.9,743.2,1583.7,933.8,302.8,125.9,102.7,36.6,3872.7,0,44.1,3563.4,265.2
Coastal Karnataka,1915,0.1,2.3,2,48.8,75.2,785,773.2,388.9,304,168.3,96.9,4.2,2648.7,2.3,126,2250.9,269.4
Coastal Karnataka,1916,0,0,0.3,25.2,88.7,1051.4,633.5,617,587.8,208.7,255.2,0,3467.9,0,114.3,2889.7,463.9
Coastal Karnataka,1917,0,29.8,7.1,10.2,52.6,1075.7,766.1,597.6,500.5,319.6,64.8,0,3424.1,29.8,70,2939.9,384.4
Coastal Karnataka,1918,3.4,0.3,3.9,11.4,699.5,564.4,360.6,485.4,134.3,64.7,168.8,14.2,2510.9,3.7,714.9,1544.7,247.7
Coastal Karnataka,1919,0,0,0,2.4,74.4,669.9,960.9,632.7,208.3,236.2,124,9.3,2918.1,0,76.8,2471.8,369.6
Coastal Karnataka,1920,2.1,0,0.1,72.7,29.2,813.3,1107.5,464.7,133.5,129.8,36.3,0,2789.2,2.1,102,2519,166.1
Coastal Karnataka,1921,13,0,3.5,62.4,18.6,699.4,871.9,841.6,327.1,128.6,41.3,0,3007.4,13,84.5,2740,170
Coastal Karnataka,1922,6.5,3.1,0,44.8,123.4,763.1,1333.2,564.9,314.4,89.8,89.4,0,3332.6,9.7,168.2,2975.6,179.1
Coastal Karnataka,1923,0.8,0.2,32.2,9.8,52.8,604.8,1627.2,1013.2,283.3,44.4,6.6,5.8,3681.1,1,94.7,3528.5,56.9
Coastal Karnataka,1924,0,0,14.8,46,47.2,889.6,1515.4,602.7,282.7,94.4,30.8,5.2,3528.9,0,108,3290.5,130.4
Coastal Karnataka,1925,0,0,17.1,20.8,176.6,1176.4,1117.2,733.7,81.5,213.2,27.7,17.2,3581.3,0,214.6,3108.7,258.1
Coastal Karnataka,1926,12.3,2,0.1,7.3,15.3,686.3,976.4,850.3,258.7,143.6,4,0.1,2956.4,14.3,22.6,2771.7,147.7
Coastal Karnataka,1927,0,0,0.6,21.5,80.1,683.4,1313.2,535.8,319.9,110.5,151.3,0,3216.4,0,102.2,2852.3,261.9
Coastal Karnataka,1928,0.1,29.3,21.7,36.3,17.1,844.6,1108.8,836.6,107.4,316.4,12,9.3,3339.6,29.4,75,2897.4,337.7
Coastal Karnataka,1929,1.9,0.2,2.5,105.6,114.7,1361.6,901.3,566.9,265.2,281.9,61.4,0.2,3663.6,2.2,222.8,3095,343.5
Coastal Karnataka,1930,1.2,0.2,0,19.3,171.5,910.9,706.8,420.8,401.2,254.1,14.2,12.6,2913,1.4,190.8,2439.7,281
Coastal Karnataka,1931,0,0,2.4,33.4,85.1,673.4,1244,1201.9,255.6,183.5,106.7,56.5,3842.4,0,120.9,3374.8,346.7
Coastal Karnataka,1932,0,0,0,25.4,255.4,661.5,1072.4,457.2,469.9,348.7,125.6,7.3,3423.4,0,280.8,2661,481.6
Coastal Karnataka,1933,0,0.1,5.4,60.6,360.3,1031.9,1326.6,481.3,502.5,292.8,42.3,35.6,4139.5,0.1,426.3,3342.4,370.7
Coastal Karnataka,1934,7.4,0.6,1,16,24.4,1095.6,827.5,678.2,184.2,143.2,32.7,1,3011.8,8,41.5,2785.3,176.9
Coastal Karnataka,1935,2,0,0.7,11.3,25.2,674,1168.1,425.5,312.5,245,11.9,9.9,2886,2,37.1,2580.2,266.8
Coastal Karnataka,1936,0,0.9,23.3,14.7,138.7,1075.6,981.6,562.3,195.6,219.4,108.6,4.1,3324.7,0.9,176.6,2815.1,332.1
Coastal Karnataka,1937,0,0,5.7,110.1,30.3,740.8,1531.7,365.7,274.1,240.8,11.8,3.2,3314.2,0,146.1,2912.3,255.8
Coastal Karnataka,1938,0,0,15.5,43.3,138.2,1025.3,950.2,429.9,374,134.3,39.9,0.3,3150.9,0,197,2779.4,174.5
Coastal Karnataka,1939,0,0,5.4,35.9,8.4,725.7,903.9,631.4,127.3,232.6,73.4,0.2,2744.2,0,49.7,2388.2,306.2
Coastal Karnataka,1940,0.1,0,0.2,26.9,131,713.8,1155.7,1247.4,100.4,222.5,120.5,5.5,3723.9,0.1,158,3217.3,348.5
Coastal Karnataka,1941,4.1,1.2,5.5,18.1,60.5,869.7,589.8,561.6,224.9,122.8,21.6,35.3,2515.1,5.3,84.1,2246,179.7
Coastal Karnataka,1942,0,1.7,0.3,77.2,72.5,1104.8,1338.3,540.3,189.5,129.9,25.9,22.4,3502.6,1.7,149.9,3172.8,178.1
Coastal Karnataka,1943,22.4,1.7,1.3,7.1,455.2,941.8,994.4,314.5,461.5,280.2,97,0,3577.2,24.1,463.6,2712.2,377.2
Coastal Karnataka,1944,0,0.7,18.2,3.3,106.5,777.8,1204,451.2,61.6,267.6,81.9,11.8,2984.5,0.7,128,2494.5,361.3
Coastal Karnataka,1945,2.6,0,0,19.7,24.5,824.7,1296.1,493.2,294.7,63.2,60.7,0,3079.3,2.6,44.1,2908.7,123.8
Coastal Karnataka,1946,0,1.5,3.9,41.7,80.8,1227,1001.2,1086.6,231.5,148.9,180.6,37.7,4041.4,1.5,126.4,3546.3,367.2
Coastal Karnataka,1947,1.7,9.2,13.9,45.2,18.7,630.6,1247.9,899.5,389.5,48.7,7.1,26.3,3338,10.9,77.7,3167.3,82
Coastal Karnataka,1948,16.5,0,8.4,55.6,66.1,848.8,1102.9,973.2,301.3,90.6,163,0.2,3626.6,16.5,130.1,3226.2,253.7
Coastal Karnataka,1949,3.3,0,1.2,12,293.1,691.6,1157.1,585.4,438,148.8,32,0,3362.4,3.3,306.3,2872.1,180.8
Coastal Karnataka,1950,0,1,0.2,3.9,89.3,801.6,1506.7,456.1,716.5,136.6,54.1,0.1,3766.1,1,93.4,3481,190.8
Coastal Karnataka,1951,0,0,0.9,55.4,70.7,940.2,1083.4,441.1,268.9,187.1,76.2,0.4,3124.3,0,127,2733.6,263.6
Coastal Karnataka,1952,0,0.5,0,35.4,84.8,912.1,816.6,631.4,54.7,335.5,0,25.6,2896.6,0.5,120.2,2414.8,361.1
Coastal Karnataka,1953,0.3,0,0,48.2,8.6,666.2,1630.1,633.6,160,313.4,2.9,0,3463.3,0.3,56.8,3089.9,316.3
Coastal Karnataka,1954,0.5,0,21.6,61.1,89.8,1034.4,1357.4,688.7,421.8,133.6,0.6,12.1,3821.5,0.5,172.5,3502.2,146.2
Coastal Karnataka,1955,0.3,0,4.7,29.9,360.3,962.7,639.3,702.2,458.2,361.1,31,2.8,3552.5,0.3,394.9,2762.4,394.9
Coastal Karnataka,1956,0,0.8,1,78.4,412.7,1001,1155.8,520,267.6,288.5,129.9,0.7,3856.6,0.8,492.1,2944.5,419.1
Coastal Karnataka,1957,0,0,1.5,8.5,168,755.8,1101.1,703.9,98,189,148.9,0.1,3174.8,0,178.1,2658.7,338
Coastal Karnataka,1958,0.5,0.1,1.7,46.6,184.8,1031.4,1253.7,705.8,296.9,114.1,49.1,2.8,3687.4,0.6,233.1,3287.9,165.9
Coastal Karnataka,1959,0,0,0,30.4,204.4,994.4,1727,704.1,521.6,75.3,52,21.7,4330.8,0,234.8,3947.1,148.9
Coastal Karnataka,1960,0,0,8.5,40.7,393.7,790.6,1053.2,510.5,450.5,169,87.6,0,3504.2,0,442.9,2804.7,256.6
Coastal Karnataka,1961,0,0,0.9,47.7,635,1013,1884.9,936.3,702.8,309.6,21,2.7,5553.9,0,683.6,4536.9,333.4
Coastal Karnataka,1962,0.2,3.4,0.1,31.6,359.4,405.4,1307.9,1080.9,413.5,313.4,18.5,83.3,4017.7,3.6,391.1,3207.7,415.3
Coastal Karnataka,1963,1.1,0.7,28.6,38.5,86,682.3,887.6,1013.8,181,233.7,8.2,10,3171.3,1.8,153,2764.7,251.8
Coastal Karnataka,1964,0,0,2.6,5.8,23.4,631.7,864,978.1,363.9,200.2,53.1,17.6,3140.5,0,31.8,2837.8,271
Coastal Karnataka,1965,2.5,0,0,9.7,39.7,797.8,1002.5,577.2,196.8,25.1,20.1,159.8,2831.1,2.5,49.4,2574.2,205
Coastal Karnataka,1966,3.7,0,0.8,11.8,196,577.9,1122.4,278.3,299.6,191.9,231.5,62.8,2976.6,3.7,208.6,2278.2,486.2
Coastal Karnataka,1967,2,0,0.1,18.5,86.7,658.7,1368.5,673.4,237.1,124.8,7.4,4.5,3181.8,2,105.3,2937.8,136.8
Coastal Karnataka,1968,2,0,6.3,43.7,19.2,826.6,1550.5,456.3,304.9,221.4,30.1,0.1,3461,2,69.1,3138.3,251.5
Coastal Karnataka,1969,0,0,1.2,44.8,49.9,704.8,1253.9,488.2,542.7,163.4,82.6,11.4,3342.9,0,95.8,2989.6,257.5
Coastal Karnataka,1970,0,0,2,30.9,260.4,843.7,1259.2,1130.5,328.7,157.8,28.7,0,4042,0,293.3,3562.2,186.5
Coastal Karnataka,1971,0,0.1,0.4,23.5,268.3,1113.2,1017,532.6,215.6,55.2,7,2.5,3235.2,0.1,292.2,2878.4,64.6
Coastal Karnataka,1972,0,0.5,0.2,17,153.4,716.9,1068.8,522.9,131.2,201.6,38.7,5.8,2856.9,0.5,170.5,2439.8,246.1
Coastal Karnataka,1973,0,0,0,15.3,83,765.5,982.1,915.9,178.5,140.7,39.6,5.4,3126,0,98.3,2842,185.7
Coastal Karnataka,1974,0,0,5.5,25.8,168.1,474.7,1465.9,741.7,361.8,182.4,7.6,0,3433.5,0,199.4,3044.1,190
Coastal Karnataka,1975,0.3,0,7,8,103,1327.8,1095.5,958.6,537.1,199.5,63.1,0.1,4300,0.3,118,3919.1,262.6
Coastal Karnataka,1976,0,0,8.1,20.3,35.8,492.7,1187.1,644.4,346.4,50.3,138.3,10.6,2933.9,0,64.2,2670.6,199.1
Coastal Karnataka,1977,0,1.9,3.3,24.7,116.1,855.7,1290.3,441.1,266.5,198.5,180.8,0,3379,1.9,144.2,2853.6,379.3
Coastal Karnataka,1978,0.3,0.5,0,11.8,251.6,1212.6,1222.5,745.4,206.7,121.5,76.3,13.8,3862.9,0.8,263.4,3387.2,211.5
Coastal Karnataka,1979,0.8,0.2,0.2,11.7,12.2,735.3,962.7,619.4,238.6,127.3,111.8,3.3,2823.4,1,24,2556,242.4
Coastal Karnataka,1980,0,0,0.8,78.6,57.1,1193.3,1057.7,1004.7,199.5,95,71.3,4.1,3762,0,136.5,3455.2,170.3
Coastal Karnataka,1981,0.7,0,1.9,17,58.1,1013.7,1049.3,1187.4,340.7,119.9,56.7,3.2,3848.6,0.7,76.9,3591,179.9
Coastal Karnataka,1982,0,0.3,0.3,3.2,87.5,808.6,1258.7,1579.1,151.8,138.3,62.6,0.3,4090.9,0.3,91.1,3798.2,201.2
Coastal Karnataka,1983,0,0,0,0,24.4,712.6,1160.4,1231.8,596.5,140.9,50.3,25.2,3942.2,0,24.4,3701.5,216.4
Coastal Karnataka,1984,4.3,6,34.2,46.7,24,1110.2,1084.1,613.6,196.8,227.9,11.2,0.1,3359,10.3,104.9,3004.6,239.2
Coastal Karnataka,1985,5.3,0,1.6,12.9,76.9,977.9,668.5,844.3,130.6,258.6,27.5,11.7,3015.7,5.3,91.4,2621.3,297.8
Coastal Karnataka,1986,0.3,0.1,4.8,6.2,20.9,976.5,723.3,808.9,176.3,102.2,112.5,2.5,2934.5,0.4,32,2685,217.1
Coastal Karnataka,1987,0,0,0.2,1.7,63.5,728.3,704.5,715.6,180.6,232.2,74.9,14.7,2716.2,0,65.4,2329,321.8
Coastal Karnataka,1988,0,0.2,0,32,28.4,689.3,1295.8,832.6,451.9,122.7,2.4,11.3,3466.6,0.2,60.5,3269.5,136.4
Coastal Karnataka,1989,0,0,8.4,22.4,53.6,982.5,914.4,829.3,234.7,138.1,31.9,0.3,3215.6,0,84.4,2960.9,170.3
Coastal Karnataka,1990,1.7,0,0.1,5.2,343.2,997,1110.8,1087,265.4,215,93.6,1.5,4120.4,1.7,348.4,3460.2,310.1
Coastal Karnataka,1991,0.1,0,0.3,47.7,95.9,939.9,1501.7,896.5,79.5,111.8,45.6,0.7,3719.7,0.1,143.9,3417.5,158.1
Coastal Karnataka,1992,0,0,0,17.2,77,873.2,1087.5,1097.5,354.3,133.6,241.8,0,3882.2,0,94.2,3412.6,375.4
Coastal Karnataka,1993,0,0.1,6.7,21.7,68.3,591.2,1397.3,742,214.3,347.4,40.8,51.5,3481.3,0.1,96.7,2944.8,439.8
Coastal Karnataka,1994,3.5,0,6.3,72.9,44.1,1221.1,1748.2,907,268.1,336,28.6,0.5,4636.3,3.5,123.2,4144.4,365.2
Coastal Karnataka,1995,3.7,0,0.7,21.1,137.8,535.8,1375.7,685.1,348.5,192,57.4,0,3357.8,3.7,159.6,2945,249.5
Coastal Karnataka,1996,0.3,0,0.4,20.3,26.2,787,1122.6,617.9,289.3,259.5,27.5,37.8,3188.9,0.3,46.9,2816.8,324.9
Coastal Karnataka,1997,0.7,0,14.9,21.5,23.1,818.6,1494.1,1146,117.1,148.5,109.8,59.2,3953.6,0.7,59.5,3575.8,317.5
Coastal Karnataka,1998,0,0,1.4,6.6,72,966.4,1092,633.9,572.8,271,80.6,11.3,3707.9,0,80,3265.1,362.9
Coastal Karnataka,1999,0,0.4,0.4,7.1,335.5,854.1,1525.9,518.4,186.5,338.2,12.8,0.5,3779.9,0.4,343,3084.9,351.5
Coastal Karnataka,2000,14.9,0.5,0.9,25.8,216.4,966.8,915.6,741.7,279.2,174.7,12.5,2.4,3351.3,15.5,243,2903.3,189.6
Coastal Karnataka,2001,0.6,0.4,0.4,71.4,156.9,930,926.9,654.4,151.8,169.7,48.6,0.6,3111.6,1,228.7,2663.1,218.9
Coastal Karnataka,2002,0.6,11.2,0.5,30.9,164,764.5,545.7,731.3,163.5,360,20.7,0.3,2793.1,11.8,195.3,2205,381
Coastal Karnataka,2003,0.1,3.6,8.4,37.3,10.2,973.8,970.6,637.5,236,183.7,10.7,0,3071.9,3.8,55.9,2817.9,194.4
Coastal Karnataka,2004,0,0,6.3,24.7,329.2,805.8,718.1,874.5,154.4,104.7,52.1,0,3070,0.1,360.3,2552.8,156.8
Coastal Karnataka,2005,0.5,0.2,0,72.5,45,821.6,1177.3,692,456.2,178.7,24.6,2.3,3470.9,0.6,117.5,3147.2,205.6
Coastal Karnataka,2006,1,0,4.7,5.9,355.7,800.1,1100.8,855.6,404.1,212,97.4,0,3837.3,1,366.3,3160.6,309.4
Coastal Karnataka,2007,0,0,0.6,40.2,61.1,952,1004.4,980.4,630.5,152.8,37.5,0.8,3860.2,0,101.9,3567.2,191.1
Coastal Karnataka,2008,0,14.8,161.4,33.4,64.3,850.7,687.8,886.3,383.3,91.6,19.3,13.5,3206.4,14.8,259,2808.1,124.4
Coastal Karnataka,2009,0.4,0,35.2,24.5,100.7,450.3,1778.9,486.1,530.7,287.4,132.4,35.4,3862,0.4,160.4,3246,455.2
Coastal Karnataka,2010,14.4,0.4,3.5,62.2,80.2,682.7,1200.2,637.5,468.4,294.7,231.5,11,3686.8,14.8,145.9,2988.9,537.2
Coastal Karnataka,2011,4.8,3.8,8.7,66.1,49.3,1018.4,1080.5,861.3,545.2,178.8,81.5,10.2,3908.6,8.6,124.1,3505.4,270.5
Coastal Karnataka,2012,NA,11.4,5.1,77,22.9,650.9,754.6,1027.6,382,115.1,68,3.6,NA,NA,104.9,2815.1,186.7
Coastal Karnataka,2013,2.4,19.6,19,28.5,100.4,1153,1515.3,680.2,379.1,265.1,56.9,10,4229.4,21.9,147.9,3727.6,332
Coastal Karnataka,2014,0,0.3,1.9,40.5,181.9,507,1155.4,1121,379.3,226.4,40,30.8,3684.4,0.3,224.3,3162.6,297.2
Coastal Karnataka,2015,1.4,1,32.3,72.2,150.3,735.3,930.9,575.2,260.3,208.5,124.2,14.3,3106,2.4,254.8,2501.8,347.1
Coastal Karnataka,2016,0.5,0,0.2,3.8,94.3,963.1,763.1,471.3,225.9,77.4,14.4,5.7,2619.7,0.5,98.3,2423.5,97.5
Coastal Karnataka,2017,1.1,0,2.5,9.5,129,831.4,820.1,625.2,316.5,185.7,19.4,7.2,2947.6,1.1,141,2593.2,212.3
Coastal Karnataka,2018,112.3,98.5,120.7,150.1,180.3,250.4,300.6,280.7,260.5,190.3,130.2,115.4,2189.0,210.8,451.1,1092.2,435.9
Coastal Karnataka,2019,115.4,102.1,125.3,155.6,185.8,260.5,310.8,290.4,270.6,195.7,135.8,120.9,2288.9,217.5,466.7,1152.3,452.4
Coastal Karnataka,2020,118.2,104.7,130.1,160.2,190.1,270.7,320.5,300.8,280.6,200.4,140.6,125.3,2341.1,222.9,480.3,1200.1,466.3
Coastal Karnataka,2021,120.5,107.3,135.0,165.4,195.7,280.9,330.2,310.5,290.8,205.6,145.7,130.4,2417.0,227.8,496.1,1252.4,481.7
Coastal Karnataka,2022,123.7,110.1,140.3,170.1,200.6,290.5,340.3,320.7,300.9,210.7,150.9,135.8,2494.6,233.8,511.0,1292.4,497.4
Coastal Karnataka,2023,126.4,113.5,145.2,175.3,205.3,300.6,350.7,330.9,310.7,215.3,155.7,140.1,2575.1,239.9,525.8,1332.8,512.8
North Interior Karnataka,1901,3.5,18.8,7.1,67.2,65.5,120.5,151.9,115.1,128.8,80,13.6,0.9,773,22.3,139.8,516.4,94.5
North Interior Karnataka,1902,0,0,0.3,22.5,34.4,111.3,83.2,78.1,146.7,118.8,35.7,85.1,716.1,0,57.1,419.3,239.6
North Interior Karnataka,1903,3.5,0,0.1,6.9,53.4,102.8,209.4,146.4,189.3,166.4,34.3,16,928.5,3.5,60.3,647.9,216.8
North Interior Karnataka,1904,0.2,0.3,8.5,11,46.3,120.6,91.6,48.5,165.1,86.5,0,0,578.6,0.5,65.8,425.8,86.5
North Interior Karnataka,1905,0,6,2.6,16,51.2,99.6,60.1,139.2,42.2,85,4.4,0,506.2,6,69.8,341.1,89.4
North Interior Karnataka,1906,21.3,0,0.2,2.6,30,142,120.3,182.1,116,86.2,24.3,58.9,783.8,21.3,32.7,560.4,169.4
North Interior Karnataka,1907,1.1,0,12.1,96.9,5.6,90.6,155.1,185.2,165.8,10.3,17.9,6.1,746.7,1.1,114.6,596.7,34.3
North Interior Karnataka,1908,1.3,0.3,2.4,16,20.7,62.6,154.9,86.1,232.7,16.9,1.1,0.1,595.1,1.6,39.1,536.4,18
North Interior Karnataka,1909,2.4,0.1,10.1,11.8,55.3,110.3,140.4,175.6,106.2,50,12,1.6,675.8,2.5,77.1,532.5,63.6
North Interior Karnataka,1910,0,0,4.5,2.5,28.2,78.2,127.9,195.5,186.3,104.1,32.3,0,759.4,0,35.2,587.9,136.4
North Interior Karnataka,1911,0,0,5.1,3.1,43.2,87.6,151.5,71.6,67.4,61.4,8.8,10.3,510,0,51.4,378.1,80.6
North Interior Karnataka,1912,0,12.5,0,42.6,38.2,43.7,226.2,158,104.4,104.9,28.3,0,758.7,12.5,80.8,532.3,133.1
North Interior Karnataka,1913,0,0.9,0,16.3,76.7,104,150.9,45,89.3,85.4,2.5,1.3,572.3,0.9,93,389.2,89.2
North Interior Karnataka,1914,0,0,0.6,19.5,34.2,74.4,220.9,237.1,152.1,24.9,43,18.2,824.8,0,54.2,684.5,86.1
North Interior Karnataka,1915,26.5,2.4,25.6,32.4,40.3,107.2,150.1,57.8,173.6,89.3,42.6,5.5,753.3,28.9,98.3,488.8,137.4
North Interior Karnataka,1916,0,1.2,0.2,22.7,60.1,97.4,234,82.4,190.8,197.3,201.8,0,1087.9,1.2,83,604.6,399.1
North Interior Karnataka,1917,0,21.1,22.7,11.7,20.2,117,77.8,164.2,192.6,137.2,59.4,0,823.8,21.1,54.6,551.6,196.6
North Interior Karnataka,1918,5.9,0.2,2.3,22.5,117.3,43.3,37,61.2,150.8,19.6,62.5,5.5,528,6.1,142,292.3,87.6
North Interior Karnataka,1919,10.6,0.3,0.1,13.2,64.7,124.2,72.7,41,228.5,84.3,85,2.5,727.1,10.8,78.1,466.3,171.9
North Interior Karnataka,1920,2.6,0,0,25.1,32.3,75.3,82.6,56.5,139.5,54.3,2.2,0,470.3,2.6,57.4,353.9,56.4
North Interior Karnataka,1921,0.2,0,1.2,33.6,5.4,63.5,158.2,41.7,49.4,125.3,104.5,0,582.8,0.2,40.2,312.7,229.7
North Interior Karnataka,1922,24.5,1.5,0.2,30.2,40.4,70.7,108.1,40.4,35.9,64.9,92.1,0,509,26,70.8,255.1,157
North Interior Karnataka,1923,0.2,13.2,32.9,21.4,28.2,38.2,229.4,64.4,163.1,9.4,0,2.3,602.8,13.4,82.5,495.1,11.8
North Interior Karnataka,1924,5.1,0,6,42,22,68.3,120.4,117.9,155.1,37.9,13.4,3.1,591.2,5.1,70,461.7,54.4
North Interior Karnataka,1925,0,0,7.3,34.3,79,74.1,113.7,77.5,108.7,118.7,16.6,12.9,642.6,0,120.6,373.9,148.1
North Interior Karnataka,1926,24.8,1,2.1,4.5,37.1,65.5,123,138.4,161.7,22.1,0.8,0,581,25.8,43.8,488.6,22.9
North Interior Karnataka,1927,0,1.4,4.4,9.3,34.4,123.9,161,54.3,184.7,24.7,82.7,0,680.8,1.4,48.2,523.9,107.3
North Interior Karnataka,1928,0.5,28.4,13.2,18.2,20.5,153.6,130.2,73.4,210.7,102.6,0.3,17,768.5,28.9,51.9,567.8,119.9
North Interior Karnataka,1929,2,24.9,2.7,49,37.8,105.6,67.4,33,167.2,91.3,16,1.2,598,26.9,89.5,373.2,108.5
North Interior Karnataka,1930,0,0.3,3.1,9.5,56.2,94.1,61,61.1,189.4,130.8,22.8,4.3,632.7,0.3,68.9,405.6,157.9
North Interior Karnataka,1931,0,0.1,4.5,30.6,33.1,114.1,134.9,70.1,195.1,51.7,65.6,19.4,719.2,0.1,68.2,514.2,136.7
North Interior Karnataka,1932,0,1.9,0.6,24.8,46.5,49.9,165.3,160.4,113.9,146.8,98.5,0.1,808.8,1.9,71.9,489.5,245.4
North Interior Karnataka,1933,0.1,2.8,13.6,50.1,84.1,113.2,131.6,158.9,149.4,160.7,52.3,30.4,947.3,3,147.8,553.2,243.4
North Interior Karnataka,1934,1.2,0,0.3,29.5,9.9,70.8,212.3,98.9,67.5,58.9,41.8,0,591.2,1.2,39.7,449.5,100.7
North Interior Karnataka,1935,13.9,0.4,0.1,30.1,13.1,120.8,106.8,204.3,80.5,131.7,11.5,1.7,714.9,14.3,43.3,512.4,144.9
North Interior Karnataka,1936,0,18.4,5.9,13.3,50.4,101.5,62.7,59.5,136.4,50.8,62.7,3,564.7,18.4,69.6,360.1,116.6
North Interior Karnataka,1937,0,14,12.8,63.4,16.4,54.4,124.8,36.6,109.6,113.5,0,6.9,552.4,14,92.5,325.4,120.5
North Interior Karnataka,1938,0,4.9,43.4,15.6,45.6,119,142.1,190.4,200.9,44.2,8,1,815.1,4.9,104.6,652.4,53.2
North Interior Karnataka,1939,0,0,5.5,11.1,12.9,87.9,113.2,157.8,115.8,122.1,27.6,0,653.9,0,29.5,474.7,149.7
North Interior Karnataka,1940,2,0,0.1,31,64.5,122.7,118.3,138,111.9,115.2,18.6,14.4,736.8,2,95.6,491,148.2
North Interior Karnataka,1941,10.7,3.9,7.2,11.2,24.9,64.7,106.3,80.3,164.6,52.5,0.3,9.1,535.7,14.6,43.3,415.8,61.9
North Interior Karnataka,1942,0,3.2,0.4,30.2,35.7,138.5,111.7,143.7,57.4,33.8,4.2,26.7,585.7,3.2,66.3,451.4,64.7
North Interior Karnataka,1943,6.7,0.8,3.1,31.6,117.8,115.6,128.8,71.8,200.9,174.1,28,0,879.2,7.5,152.4,517.2,202
North Interior Karnataka,1944,0,3.2,30.3,12.3,44.8,92.6,174.6,28,140.5,158.8,37.1,0,722.1,3.2,87.4,435.7,195.8
North Interior Karnataka,1945,0.3,0,0,11.2,21.3,69.7,191.9,95.7,92.8,57.6,3.5,0,544,0.3,32.5,450.1,61.1
North Interior Karnataka,1946,0,7.6,3.8,44.2,56.8,106.7,135,127.9,146.2,75.5,102,3.3,808.9,7.6,104.8,515.7,180.7
North Interior Karnataka,1947,8.6,6.7,11.1,13.9,29,102.9,175.5,217,161.3,38.4,13.4,8.6,786.3,15.2,54,656.7,60.3
North Interior Karnataka,1948,0.9,0,7.9,40.1,38.2,72.6,110.3,147.3,155.9,79,126.3,0.1,778.3,0.9,86.1,486,205.3
North Interior Karnataka,1949,0,1.5,6.4,15.2,72.9,82.5,114.1,100.5,265.4,94.1,10.7,0,763.3,1.5,94.5,562.6,104.8
North Interior Karnataka,1950,0,6.8,4,8.2,51.9,94.9,122.6,120.8,180.4,109.8,7,0,706.5,6.8,64,518.8,116.9
North Interior Karnataka,1951,0,0,4.5,17.3,63.8,117.6,179,64.8,149,101.2,10.4,0.8,708.4,0,85.6,510.4,112.4
North Interior Karnataka,1952,0,8,0.1,32.1,98.3,52.9,132,64.7,85.2,141.6,0,13.7,628.5,8,130.4,334.8,155.3
North Interior Karnataka,1953,0,0,0.1,38.9,5.8,127.8,192.4,91.6,186.2,248.3,0,0,891.2,0,44.8,598,248.4
North Interior Karnataka,1954,0,0,16.9,19.7,44.9,80.1,216.4,152.7,78.2,62.8,0.2,11.4,683.3,0,81.5,527.4,74.3
North Interior Karnataka,1955,0.1,0,10,30.7,92.4,128.7,140.7,223.3,197.2,132,12,0,967.1,0.1,133.1,690,143.9
North Interior Karnataka,1956,0,2.8,1.1,30.2,64,96.8,314.1,117.9,144.9,164.6,100.1,2.4,1039,2.8,95.3,673.7,267.1
North Interior Karnataka,1957,0,0.9,5.5,25.5,70,115.4,146.6,188.8,87.8,174.3,23.1,0,837.8,0.9,101,538.6,197.3
North Interior Karnataka,1958,2,0.2,7.3,46,100.3,55.2,174.8,179.7,71.2,83.7,31,0.5,752,2.2,153.6,480.9,115.3
North Interior Karnataka,1959,0.1,0,0.6,26.2,43.8,163.2,155.1,90.6,148.8,52.3,17.2,0.6,698.5,0.1,70.6,557.7,70.1
North Interior Karnataka,1960,0,0,14.9,17.2,79.6,86.8,96.4,29.4,313.9,32.9,20.4,0.1,691.6,0,111.6,526.5,53.4
North Interior Karnataka,1961,0.1,0.6,6.4,32.1,102.1,99.9,245.4,78.4,33.1,144.9,5.6,0,748.6,0.6,140.6,456.9,150.6
North Interior Karnataka,1962,0,5,2.9,58.8,52.5,82.1,140.1,144.7,165.7,99.3,25.4,62.4,839.1,5,114.3,532.6,187.2
North Interior Karnataka,1963,0,10.9,33.9,34.4,78.9,113.1,73.9,195.5,63,178.6,1,0,783.1,11,147.2,445.4,179.6
North Interior Karnataka,1964,0,0.8,4.3,16.9,14.6,97.6,211.7,129.2,289.1,110.8,22.4,2.4,899.8,0.8,35.8,727.6,135.6
North Interior Karnataka,1965,1.3,0,0.5,14,17.2,110.4,185.9,120,150.1,3.8,2.8,26.8,632.9,1.3,31.7,566.4,33.5
North Interior Karnataka,1966,13.4,0.3,5.5,10.6,82.9,68.9,145.5,80.7,160.6,54.8,92,8.4,723.6,13.7,98.9,455.8,155.2
North Interior Karnataka,1967,1.2,0,11.8,34.6,32.5,74.1,187.1,72.5,141.9,80,1.7,8.4,645.7,1.2,78.8,475.6,90.1
North Interior Karnataka,1968,1.9,15.8,2.7,41.2,32.2,92.4,162.3,47.6,202.5,98.5,29.9,0.3,727.3,17.7,76.1,504.8,128.7
North Interior Karnataka,1969,0,0,4.1,14.9,40.6,89.4,151.1,159.2,121.5,113.7,33.5,1.3,729.1,0,59.5,521.2,148.4
North Interior Karnataka,1970,0.4,0.2,1,31.5,76.5,80.7,131.5,199.9,173.2,95.7,0,0,790.8,0.6,109.1,585.3,95.7
North Interior Karnataka,1971,0.9,0,0.3,23.9,69.3,102.2,53.7,121,109,131.2,0.6,0,612.1,0.9,93.5,385.9,131.8
North Interior Karnataka,1972,0,2.4,1.3,19.5,45.9,79.4,100.8,40.7,126.3,47.2,34.4,1.4,499.4,2.4,66.8,347.3,83
North Interior Karnataka,1973,0,0,0.2,10.1,29.7,136.2,101.3,154,100.6,212.5,5.6,0.5,750.8,0,40,492.1,218.7
North Interior Karnataka,1974,0,0,5,23.9,83.9,93.3,98.9,92.2,242.5,176.9,0.5,0,817.3,0,112.8,527,177.5
North Interior Karnataka,1975,8.2,1.1,5.6,7.2,59.6,104.2,238.6,109.6,214.8,323.1,21.6,0.1,1093.7,9.3,72.5,667.2,344.8
North Interior Karnataka,1976,0,0,5.5,35.1,11.1,82.5,131.6,147.9,74.1,15.6,57.9,0.1,561.3,0,51.7,436.1,73.6
North Interior Karnataka,1977,0,1.2,10.7,34.8,75,170.3,144.4,135.9,70.5,134.2,72.3,0.6,849.9,1.2,120.4,521.2,207.1
North Interior Karnataka,1978,0.5,13.2,0.8,35.1,76.9,102,165.9,160.3,204.8,85.9,55.1,4.3,904.9,13.7,112.9,633,145.2
North Interior Karnataka,1979,2,13.1,2.4,7.3,60.7,141.7,125.4,168.8,291.4,54.5,95.8,0.1,963.2,15,70.5,727.3,150.4
North Interior Karnataka,1980,0.1,0,1.6,51.5,20.1,149.1,126,171.6,125.9,19.8,22.6,3.4,691.7,0.1,73.2,572.5,45.9
North Interior Karnataka,1981,6.2,0,10.3,12.1,39.6,160.8,127.5,151.9,284.3,68.3,16.1,0.1,877.3,6.2,62,724.6,84.5
North Interior Karnataka,1982,0.1,0,0.8,13.8,59.8,87.2,163.4,83.2,145.5,83.8,43.8,0,681.4,0.1,74.4,479.3,127.6
North Interior Karnataka,1983,0,0,0,0.2,24.5,167.4,135.1,169,198.1,66.5,8.3,8.7,777.9,0,24.8,669.7,83.5
North Interior Karnataka,1984,0.4,3.9,6.2,14.3,8,64.1,217.4,62.1,127.1,113.5,1.1,0.1,618.1,4.3,28.5,470.7,114.6
North Interior Karnataka,1985,2.9,0,6.8,20.8,34.1,86.6,109.7,67.7,75.8,94.7,1.4,0.6,501.2,2.9,61.8,339.8,96.8
North Interior Karnataka,1986,11,7.4,1.4,23.2,38.1,124.9,76.1,129,114.1,29.5,60.4,5.3,620.4,18.4,62.8,444.1,95.2
North Interior Karnataka,1987,0.4,0.9,0.5,2,44.9,124,83.1,166.6,109.3,119.7,68.9,26.8,747.4,1.4,47.5,483.1,215.5
North Interior Karnataka,1988,1.3,1.6,1.5,38.3,34.5,77.2,170.6,219.5,214.2,16.1,2,18.8,795.4,2.9,74.3,681.4,36.9
North Interior Karnataka,1989,0,0,21.6,10.7,28.5,102,199.6,64.1,203.3,23.3,8.9,14.1,676.2,0,60.8,569,46.3
North Interior Karnataka,1990,4.8,0,0.1,7.8,127.3,129.7,96.2,170,64.2,95.6,23.3,0,719,4.8,135.1,460.1,119
North Interior Karnataka,1991,0.2,0,1.3,47.3,59.8,235.7,155.6,94,67.6,49.6,8.9,0,720,0.2,108.4,552.9,58.5
North Interior Karnataka,1992,0,0,0,12.7,48.1,108,100,121,85.1,68,125.4,0,668.3,0,60.9,414.1,193.3
North Interior Karnataka,1993,0,0.1,6.5,11.4,37.6,69.3,134.9,128.1,94.8,201.9,10.8,36.4,731.8,0.1,55.5,427.1,249.1
North Interior Karnataka,1994,4.2,0.3,0.2,35.3,16.8,101.8,146,95.9,38.1,200.3,4.2,0,643,4.5,52.3,381.7,204.5
North Interior Karnataka,1995,28.3,0.1,5.4,11.8,33.1,75.5,140.9,95.9,104.3,148.9,18.2,0,662.3,28.4,50.3,416.5,167.1
North Interior Karnataka,1996,0,0,0.5,20.5,25.1,138.5,98.2,165.2,199.5,154.2,7.5,2.6,811.8,0,46.1,601.4,164.3
North Interior Karnataka,1997,4.3,0,14.8,22.6,17.5,213,272.8,290.1,76.9,85.3,64.6,33.8,1095.6,4.3,54.9,852.7,183.7
North Interior Karnataka,1998,0,0,0.4,6.1,32.7,107.8,140.4,155.4,223.1,172.7,13.9,0.1,852.5,0,39.2,626.7,186.6
North Interior Karnataka,1999,0,3.4,0.6,3.9,89,93.2,130.5,89.5,97.5,152.9,0.3,0,660.8,3.4,93.5,410.7,153.2
North Interior Karnataka,2000,0.4,2.6,0.1,8.4,49,107.5,127.1,164.6,134.4,115.1,2.8,0.5,712.4,3,57.4,533.6,118.3
North Interior Karnataka,2001,2.1,0,0.1,22.1,13.3,60.9,62.1,108.8,187.1,137.5,2.5,1.4,598,2.1,35.5,418.9,141.4
North Interior Karnataka,2002,3.8,7.9,0.3,14.7,40.6,108.2,54.7,118.2,52.2,126.4,3.4,0,530.5,11.7,55.6,333.4,129.9
North Interior Karnataka,2003,0.3,1.5,15.2,24.9,3.5,66.9,94.4,104,64.3,92.1,4.2,2.2,473.5,1.8,43.6,329.7,98.4
North Interior Karnataka,2004,2.6,2.7,1.6,29.9,93.8,106.1,111.7,92.8,134.6,61.6,4.3,0.2,641.9,5.3,125.3,445.2,66.1
North Interior Karnataka,2005,5.8,0.8,5.5,52.5,34.5,98.7,219.4,123.3,159.7,102.3,5,0.1,807.5,6.6,92.6,601,107.4
North Interior Karnataka,2006,0,0,16.8,12.1,79,130.2,113.9,89.1,136.8,43.6,29,0,650.6,0,107.9,470,72.6
North Interior Karnataka,2007,11.7,6.8,7.7,27,38.9,215.5,117.2,143.4,205.4,40.5,13.5,9.2,836.9,18.5,73.7,681.5,63.2
North Interior Karnataka,2008,0.4,9.2,109.2,22.8,29.2,71.6,80.6,147.7,152.5,54.1,29.8,5.3,712.4,9.6,161.3,452.3,89.2
North Interior Karnataka,2009,0.3,0,9.9,17.4,63.1,112,134.9,135.4,215.6,168.6,42.3,13.9,913.5,0.3,90.4,597.9,224.9
North Interior Karnataka,2010,9.6,2.5,0.5,15.5,39.5,110.1,193.5,207.5,119.2,82.1,71.9,1.2,853.2,12.1,55.6,630.4,155.2
North Interior Karnataka,2011,0.5,7.2,7.2,41.2,46.8,101.3,150.8,152,69,73.4,5.7,0,655.2,7.7,95.2,473.1,79.2
North Interior Karnataka,2012,28.5,6.2,0.4,35.4,19.5,60,114.5,105.5,79.2,85.2,46.5,2.9,583.8,34.7,55.3,359.3,134.5
North Interior Karnataka,2013,1.2,6.1,3,25.4,47.4,99.4,160.7,73.9,201,101,4.2,0.1,723.2,7.3,75.7,534.9,105.2
North Interior Karnataka,2014,0,6.1,29.2,26.4,93,50.4,136.8,205.2,90.2,80.3,25,14.1,756.8,6.1,148.7,482.5,119.5
North Interior Karnataka,2015,2.4,0,27.5,50.8,45.3,89.6,38.5,78.4,150.8,61.2,5.7,1.7,551.9,2.4,123.6,357.2,68.6
North Interior Karnataka,2016,0.3,0.4,6.1,11,50,136.8,162.6,70,155,28.7,3.1,1,625,0.7,67.2,524.3,32.8
North Interior Karnataka,2017,0,0,10.7,9.9,44.8,131.3,76.8,105.8,206.6,147.9,4.9,0.9,739.6,0,65.5,520.5,153.7
North Interior Karnataka,2018,72.3,64.5,75.2,95.7,125.4,170.5,200.3,185.7,175.5,130.4,90.6,80.5,1466.6,136.8,296.3,731.5,300.3
North Interior Karnataka,2019,75.6,67.8,78.3,100.4,130.7,175.9,210.6,195.4,185.7,135.6,95.8,85.7,1567.5,143.4,309.4,777.6,336.7
North Interior Karnataka,2020,78.4,70.5,82.5,105.6,135.3,185.7,220.4,205.3,195.8,140.7,100.4,90.1,1644.7,149.9,323.4,817.2,354.2
North Interior Karnataka,2021,81.2,73.8,86.3,110.3,140.5,195.8,230.7,215.6,205.4,145.8,105.7,95.6,1715.6,155.0,336.8,857.7,366.1
North Interior Karnataka,2022,84.5,77.1,90.2,115.7,145.4,205.4,240.9,225.3,215.7,150.4,110.9,100.5,1793.6,161.6,351.3,897.3,383.4
North Interior Karnataka,2023,87.8,80.4,94.1,120.4,150.8,215.9,250.6,235.4,225.9,155.8,115.4,105.7,1877.6,168.2,366.4,937.8,405.6
South Interior Karnataka,1901,4.9,31.8,3,32.7,109.6,106,210,109.2,140.8,170.1,72.5,12.3,1003,36.8,145.4,566,254.9
South Interior Karnataka,1902,1.9,0.5,6.7,42.6,97.7,91.7,210,82.1,138.4,219.1,44.6,84.9,1020.1,2.4,147,522.3,348.5
South Interior Karnataka,1903,0.3,0,1.1,11.6,125.1,129.7,284.4,155.7,197.1,154.2,186.6,24.1,1269.9,0.3,137.7,766.9,364.9
South Interior Karnataka,1904,1,0.5,5.2,43.5,144.7,167.9,197.1,73.2,89.6,120.4,2.5,0.3,845.8,1.5,193.3,527.8,123.2
South Interior Karnataka,1905,1.7,7.9,14.2,23.6,118.6,95.9,148.4,140.6,43.1,142.8,22.4,0.3,759.4,9.5,156.5,427.9,165.5
South Interior Karnataka,1906,14.1,1.5,2.2,4.8,46.1,116.4,211.3,256.3,109.5,173.4,16.5,52.6,1004.5,15.6,53.1,693.5,242.4
South Interior Karnataka,1907,4.5,0,11.7,84.7,46.5,137.4,231.5,219.4,146.5,52.6,49.5,14.1,998.5,4.5,142.9,734.9,116.3
South Interior Karnataka,1908,8.3,2.4,9.3,44.4,92.5,92.2,263.6,118.1,88,69.6,1.2,0.5,790.2,10.7,146.2,561.9,71.3
South Interior Karnataka,1909,19.8,1.2,6.7,42.1,166.6,138.9,245.5,190.5,109,121.5,35.8,9.7,1087.4,21,215.4,684,167.1
South Interior Karnataka,1910,0,1.1,7.5,27,89.8,124.9,254.1,232.6,123.5,219.6,77,0,1157.3,1.1,124.4,735.1,296.7
South Interior Karnataka,1911,0.8,0.1,5.2,28.8,123.2,174.8,225.7,84,63.3,156.7,35.8,7.9,906.3,0.9,157.2,547.8,200.5
South Interior Karnataka,1912,0.8,4.6,2.7,41.7,70.1,133,291.9,181.3,176.1,190,57.6,0.1,1150.2,5.4,114.6,782.4,247.7
South Interior Karnataka,1913,0,0.1,1,22.3,93.4,124.5,257.5,88.4,151,133.6,1.4,3.1,876.4,0.1,116.8,621.4,138.1
South Interior Karnataka,1914,0,0.6,1.7,16,62.6,69.6,309.7,153.3,107.9,115.3,64,26,926.7,0.6,80.3,640.4,205.3
South Interior Karnataka,1915,9.7,2.6,31.6,43.9,66.5,222.9,184.2,75.7,185,106.7,93.4,9.5,1031.9,12.4,142,667.8,209.6
South Interior Karnataka,1916,0,0.1,0.2,23.9,146.3,184,188.5,204.7,145.5,178.4,151.6,7.4,1230.7,0.1,170.4,722.8,337.4
South Interior Karnataka,1917,0.3,37.2,15.9,18.4,51.8,163.8,104.4,171.2,275.6,160,94.7,1,1094.3,37.5,86.1,715,255.7
South Interior Karnataka,1918,11.1,0.7,13.9,41,110.1,69.2,47.5,102.7,98.7,47,182.6,8.9,733.3,11.7,165,318.1,238.5
South Interior Karnataka,1919,4.8,0,7.7,27.1,99.8,152.7,166.9,108.4,225,81.9,132.3,4.7,1011.4,4.8,134.6,653,218.9
South Interior Karnataka,1920,8.4,0.4,1.7,42.8,58.6,125.1,241.2,92.1,128.1,101.9,28.4,0.1,828.9,8.8,103.2,586.6,130.3
South Interior Karnataka,1921,15.4,0,2.9,84.6,47.2,114.9,217.8,169.5,77.5,167.6,88.7,0,986.1,15.4,134.7,579.7,256.3
South Interior Karnataka,1922,16.1,1.2,0.3,33.1,109.9,99.5,186.3,114.3,53.4,151.8,129,2.2,897.1,17.2,143.3,453.5,283.1
South Interior Karnataka,1923,3.7,3.9,27.2,31.8,73.8,84.3,408.1,207.7,100.3,40,6.7,2.9,990.5,7.6,132.8,800.4,49.6
South Interior Karnataka,1924,0.9,0.1,5.8,38.7,96,125.7,460.9,146.7,135.1,58.4,47.1,11.7,1127,1,140.5,868.3,117.2
South Interior Karnataka,1925,0,0.1,8.4,63,116.5,143.2,221.3,132.6,115.3,65.8,69.4,46.8,982.2,0.1,187.9,612.4,181.9
South Interior Karnataka,1926,23,0.4,7.1,37.5,64.1,89.6,234.3,174.2,168.3,89.7,7.6,1.2,897,23.4,108.7,666.4,98.5
South Interior Karnataka,1927,0.1,2.5,5.2,11.2,82.5,114.3,249.1,118.5,186.8,19.4,74.2,0,863.7,2.5,98.9,668.7,93.5
South Interior Karnataka,1928,0.6,44.3,24,43.4,66.1,112.1,189.1,161.7,37.8,229.7,28.9,12.7,950.5,44.9,133.5,500.8,271.3
South Interior Karnataka,1929,4.7,13.7,1.9,127.7,101.3,149.7,178.6,88.8,186,100.9,76.5,5.2,1034.9,18.4,230.9,603.1,182.5
South Interior Karnataka,1930,5.2,6.6,10.8,27,156.8,126.9,117.2,85.5,150.5,253.9,40.9,12.1,993.3,11.8,194.5,480.1,306.9
South Interior Karnataka,1931,0,0,3,45.7,81.7,116.8,188.2,246,144.6,42.7,117.5,26.3,1012.6,0,130.4,695.7,186.5
South Interior Karnataka,1932,0,10.4,0.5,35.8,155.8,72.4,262.9,264.3,117.1,227,122.4,1.6,1270.1,10.4,192,716.6,351
South Interior Karnataka,1933,0,2.9,10.5,43.8,176,139.9,216.8,241.6,195.1,236.6,19.2,46.6,1329.2,2.9,230.3,793.4,302.5
South Interior Karnataka,1934,5.9,0.4,1.1,40.9,52.6,149.4,158.7,137.5,27.7,173.5,38.3,0.3,786.3,6.3,94.6,473.3,212.1
South Interior Karnataka,1935,6.2,1.2,5.2,48.6,52.6,121.9,211,197.1,105.2,191.6,6.8,7.3,954.5,7.4,106.3,635.2,205.6
South Interior Karnataka,1936,0,6.2,34.7,15.7,102.1,185.2,156.2,111.6,176.1,89.5,76.5,4.5,958.4,6.3,152.5,629.2,170.5
South Interior Karnataka,1937,0.1,9.8,14.6,90.8,81.6,99.6,232.7,78,121.7,147,25.5,9.7,911.2,9.9,187,532,182.2
South Interior Karnataka,1938,0,3.9,17.4,40.7,45.8,144.4,153.8,237.6,178.7,30.6,15.9,2.6,871.4,3.9,103.9,714.6,49.1
South Interior Karnataka,1939,3.5,0,13.1,70.5,49.6,92.1,184.7,198.1,114.7,226.6,71.6,0,1024.6,3.5,133.2,589.6,298.1
South Interior Karnataka,1940,0,0.1,0.7,60.1,138.3,177.6,203.4,188.7,80.7,174.9,139.7,15.8,1180,0.2,199.1,650.4,330.4
South Interior Karnataka,1941,1.2,2.3,2.3,43.8,73.8,154.9,186.5,154.9,129.8,108.4,19.5,60.2,937.6,3.4,119.9,626.2,188.1
South Interior Karnataka,1942,0.1,2,0.5,45,91,164.1,247.5,145.9,77.3,109,26.7,23.7,932.9,2.1,136.4,634.8,159.5
South Interior Karnataka,1943,24.4,0.9,3.7,48.3,189.9,88.5,243.1,67.5,137,283,50.8,0,1137.1,25.3,241.9,536,333.9
South Interior Karnataka,1944,0.2,24.3,37,21.7,98.5,100,275.1,82,127.2,178.5,74.4,6.7,1025.7,24.5,157.3,584.3,259.6
South Interior Karnataka,1945,0.4,1.2,0.3,54.9,93.3,79.9,260.9,109.9,72.6,85.2,33.7,0.1,792.3,1.6,148.4,523.3,119
South Interior Karnataka,1946,0.1,2.4,14.8,62.5,86.9,146.8,201.5,255.9,168.1,112.9,150.3,42.9,1245,2.5,164.2,772.2,306.1
South Interior Karnataka,1947,8.1,5.9,10,22.4,53.2,83.5,238.9,236.2,139.7,127.6,15.2,17.6,958.3,14,85.6,698.3,160.5
South Interior Karnataka,1948,4,0.1,3.2,70.7,153.9,135.6,188.6,255.6,61.1,117.7,81.5,2.1,1074.1,4,227.8,641,201.3
South Interior Karnataka,1949,0.1,0.1,3.8,32.1,103.6,82.4,179.5,165.2,107.8,188.3,13.6,0,876.4,0.2,139.4,534.9,201.9
South Interior Karnataka,1950,0.1,13.3,0.8,6.5,61.3,91.2,268.8,148.7,154.5,133.7,77.1,0.4,956.5,13.4,68.7,663.3,211.2
South Interior Karnataka,1951,0.2,0,13,60.9,135.2,111.7,205.7,89.4,177.9,98,33.3,0,925.3,0.2,209.1,584.7,131.3
South Interior Karnataka,1952,0.3,10.7,0.6,40,76.8,106.8,176.2,156.2,66.7,188.6,0.7,48.2,871.8,11,117.5,505.8,237.5
South Interior Karnataka,1953,0.5,2.2,0.7,71,34.4,163.7,368.5,191.5,113,307.4,2.6,0.5,1255.9,2.6,106.1,836.8,310.4
South Interior Karnataka,1954,1.8,0.5,8.9,38.5,127.2,139.3,298.5,175.6,56.9,164.8,0.5,18.6,1031.1,2.3,174.5,670.3,183.9
South Interior Karnataka,1955,0.9,0.1,10.4,48.7,168.2,135.9,88.9,151.6,201.2,175.1,18.1,2.9,1002,1,227.4,577.5,196.1
South Interior Karnataka,1956,0.4,1.4,2.5,68.5,62.5,209.6,251.3,137.1,120.1,265,124,1.2,1243.7,1.8,133.5,718.1,390.3
South Interior Karnataka,1957,0,0.5,9.4,18.6,169,174.9,242.6,147.2,47,177.6,77.9,0.1,1064.7,0.5,196.9,611.6,255.6
South Interior Karnataka,1958,3.3,1.3,13.1,60.6,134.5,163.2,340.2,201.7,123.1,108.7,59.6,0.6,1210,4.6,208.2,828.2,168.9
South Interior Karnataka,1959,0.2,2.5,0.3,25.2,89.8,255.8,425.6,172.2,218.2,55.4,29.3,6.3,1280.9,2.7,115.3,1071.8,91.1
South Interior Karnataka,1960,0.3,0,15.3,42.4,92.6,119.8,254.3,124.4,162.7,112.8,65.3,0.2,989.9,0.3,150.2,661.2,178.2
South Interior Karnataka,1961,2.1,3.4,2.6,62.5,161.6,196.2,492.7,213.5,93.8,165.4,14.3,1.4,1409.5,5.5,226.7,996.2,181.1
South Interior Karnataka,1962,1.4,6.9,5.5,81.3,118.5,66.1,310.4,268.5,149.1,203.7,29.6,65.9,1307.2,8.3,205.4,794.2,299.3
South Interior Karnataka,1963,1.2,2.8,13,51.6,78.1,108.5,197.5,232.5,92.6,193.8,9,12.3,992.8,3.9,142.7,631.1,215.1
South Interior Karnataka,1964,0,0.1,0.7,23.6,51,122.2,280,305.4,182.7,121.5,78.4,3.8,1169.4,0.1,75.2,890.3,203.7
South Interior Karnataka,1965,1,0.2,4.6,24.6,42,129.8,245.2,141.1,81.4,17.7,25.8,21.7,735.2,1.2,71.3,597.5,65.1
South Interior Karnataka,1966,4.2,0.9,2.5,24.7,90.9,82.3,256.1,91,188.5,132.8,123.2,13.8,1010.9,5.2,118.1,617.8,269.8
South Interior Karnataka,1967,5.7,0,4.7,25.7,77.8,136.3,350.4,157.3,57.8,96.2,12.3,16,940.3,5.7,108.3,701.8,124.6
South Interior Karnataka,1968,0,8,8.5,47.5,71.8,120.6,284.1,124.7,209.7,99.3,23.4,3.4,1001,8,127.8,739.2,126
South Interior Karnataka,1969,0,0,2.3,37.8,101.9,100.8,289.5,216.3,104,174.8,51.4,27.7,1106.5,0,142,710.6,253.9
South Interior Karnataka,1970,1.4,5.4,4.3,49.5,129.6,99.5,210.1,206.4,129,217.6,20.9,0.2,1073.8,6.7,183.4,645,238.7
South Interior Karnataka,1971,2,5.3,2.7,37.9,100.5,204.5,174.9,180.7,161.7,122.3,17.4,10.3,1020.2,7.3,141.1,721.7,150
South Interior Karnataka,1972,0,1.1,0.1,26.9,190.5,153.6,214.6,97.6,176.2,135.7,26.3,41.5,1064,1.1,217.5,642,203.5
South Interior Karnataka,1973,0,0,0.2,21.8,102.4,214.9,232.7,220.8,118,140.5,26.5,8.7,1086.6,0,124.4,786.5,175.7
South Interior Karnataka,1974,0.1,0,4.3,34.5,113.2,71,281.8,166.7,235,138.2,6.6,0,1051.5,0.1,152,754.5,144.9
South Interior Karnataka,1975,4.1,3.2,15.5,21,93,224.8,260.6,252.8,224,157.7,76.3,1.3,1334.3,7.3,129.4,962.2,235.3
South Interior Karnataka,1976,0,0.1,2.6,66.9,25.9,64,203.7,148.3,87.2,54.4,106.5,1.7,761.2,0.1,95.3,503.1,162.6
South Interior Karnataka,1977,0,1.3,13.8,51.2,136.8,168.5,227.7,134.5,166.5,224.6,82.8,0.1,1207.8,1.3,201.8,697.1,307.4
South Interior Karnataka,1978,0.5,7,2.6,40.1,104.5,188.1,281.8,231.2,156.8,107.1,81,30.8,1231.6,7.5,147.3,857.9,219
South Interior Karnataka,1979,0.3,29.2,4.1,31.3,49,192.8,189.3,207.9,219.6,81.9,113.9,1.4,1120.8,29.5,84.4,809.6,197.2
South Interior Karnataka,1980,0,0,7.2,79.1,99,228,287.7,179.6,161.8,99.6,81.1,1.9,1225,0,185.2,857.1,182.7
South Interior Karnataka,1981,1.8,0.1,19.6,25.5,94.9,136.3,189.4,299.8,254.6,123.2,32.8,6.5,1184.6,1.9,140,880.2,162.5
South Interior Karnataka,1982,0.1,0,2,18.3,99.2,151.1,217,240.8,126.9,97.1,50.8,0.2,1003.5,0.1,119.5,735.8,148.1
South Interior Karnataka,1983,0,0,0.9,5.1,77,215.3,206.6,262.5,185.9,97.8,21.1,38.9,1111.2,0,83,870.3,157.8
South Interior Karnataka,1984,2.1,7.9,75.4,39,44.7,196.2,256.8,122.3,167.1,142.3,5.7,4.4,1063.9,10,159.1,742.4,152.4
South Interior Karnataka,1985,4.1,0.1,13.8,42.1,52.8,193.3,138.7,172.3,139.7,67.4,29.3,5.8,859.3,4.2,108.6,644,102.5
South Interior Karnataka,1986,13.9,9.2,3.9,26.2,51.7,210,149.9,208.2,175.3,79.4,94.1,8.4,1030.2,23.1,81.8,743.4,181.8
South Interior Karnataka,1987,0.3,0,4.5,9.2,64.2,135.7,114.9,151.7,139.9,205.4,76.9,31.9,934.7,0.3,77.9,542.3,314.2
South Interior Karnataka,1988,0.2,2.9,11.9,71.4,84.9,68,276,251.3,199.2,30.6,5.9,19.9,1022.2,3.1,168.2,794.6,56.4
South Interior Karnataka,1989,0,0.1,12.5,24,53.3,145,286.3,135,149.4,86.9,15.7,5.2,913.5,0.1,89.8,715.7,107.9
South Interior Karnataka,1990,4,0.1,5,15.2,115.1,130.1,148.5,193.8,59,128.5,47,2.2,848.5,4.2,135.3,531.3,177.7
South Interior Karnataka,1991,1,0.1,2.6,64.2,108.6,248.9,261.9,165.5,115.8,192.5,60,0.1,1221.2,1.1,175.3,792.2,252.6
South Interior Karnataka,1992,0.2,0.3,0,28.6,78.9,269.4,202.1,215.9,145.5,113.5,146.5,0.2,1201,0.4,107.5,832.9,260.2
South Interior Karnataka,1993,0,0.5,6.2,22.9,66.4,149,204.7,189.9,105.3,234.5,25,33.7,1038.1,0.5,95.5,648.9,293.2
South Interior Karnataka,1994,11.7,2.4,3.9,54.6,70.9,184.9,336.4,132.6,96.4,238.6,24.8,0.5,1157.8,14.1,129.4,750.4,263.9
South Interior Karnataka,1995,4.2,0.2,3.5,32.1,70.9,79.6,248.4,179.8,135.6,98.8,30.1,0,883.2,4.4,106.5,643.4,128.9
South Interior Karnataka,1996,1.1,0.2,1.5,49.8,52.8,204.4,187.3,187.4,188.3,132.9,10.9,27.5,1044,1.3,104,767.5,171.2
South Interior Karnataka,1997,4.9,0.1,26.2,26,45.3,178.9,251.7,246.8,108.4,134.4,123.8,33.6,1180,4.9,97.5,785.8,291.8
South Interior Karnataka,1998,0,0,3.5,31.6,47,155.6,278.4,205.5,175.8,148.9,55,11.7,1113.3,0.1,82.2,815.4,215.7
South Interior Karnataka,1999,0.1,4.6,1.5,42.2,131.2,129.5,289.6,138.8,108,271.9,28.8,3.5,1149.6,4.7,174.9,665.9,304.2
South Interior Karnataka,2000,1.4,15.5,0.3,46.3,59.3,167.5,200.5,300.6,183.5,206.2,14.1,12.1,1207.2,16.9,105.9,852.1,232.3
South Interior Karnataka,2001,0.5,1.1,1.7,90.6,30.4,127.2,168.2,152,189.9,122.7,40,2.1,926.3,1.6,122.7,637.2,164.8
South Interior Karnataka,2002,2,11.4,2.3,20.6,77.2,131.9,92.6,155.1,74.9,168.4,18.8,0.6,755.8,13.4,100,454.5,187.8
South Interior Karnataka,2003,0.1,4.2,20.1,36.4,9.6,118.2,162.5,152.2,51.9,192.4,11.5,3.6,762.8,4.3,66.1,484.9,207.4
South Interior Karnataka,2004,9.1,12.8,16.4,62.2,180.2,196.6,191.7,211.1,117.5,101.5,24,10.4,1133.4,21.9,258.7,716.8,136
South Interior Karnataka,2005,7.2,3.9,3.2,76,74.7,138.7,333.5,233.2,145.5,241.8,56.3,5.3,1319.3,11.1,153.8,851,303.5
South Interior Karnataka,2006,0.2,0.1,35.4,24.7,127.1,183.7,226.7,172.9,112,61.7,84.9,1.1,1030.5,0.3,187.2,695.3,147.7
South Interior Karnataka,2007,0.1,0.3,0.9,39.8,76.7,216.7,267.2,245.5,198.5,152.5,18.2,14.6,1231,0.4,117.5,927.9,185.3
South Interior Karnataka,2008,0.8,20.7,108.9,24.9,66.3,149.8,203.4,269.8,141.4,117.1,32.3,5.2,1140.6,21.5,200.1,764.4,154.6
South Interior Karnataka,2009,0.1,0.1,27.3,25.4,101.3,101.6,324.7,153.2,247.9,98.2,55.7,22.9,1158.4,0.2,153.9,827.5,176.8
South Interior Karnataka,2010,7.9,1.7,5.6,71.1,94.9,129.1,235.1,228.1,150.7,129.6,183.5,2.5,1239.7,9.5,171.6,743.1,315.5
South Interior Karnataka,2011,2.1,12.4,12.4,80.2,83.5,177.1,202.4,199.5,111.2,144.8,56.7,5,1087.4,14.5,176.1,690.2,206.5
South Interior Karnataka,2012,4.6,5.5,8.1,99,45.6,81.8,144.7,236.5,100.6,62.8,82.6,6.2,877.8,10.1,152.6,563.5,151.6
South Interior Karnataka,2013,0.5,10.1,11.7,34.6,95.6,176.2,307.4,151.7,191.8,103.7,24.9,2.4,1110.7,10.6,142,827.1,131
South Interior Karnataka,2014,0.4,2.4,17.7,46.7,130.5,106.8,271.6,254.6,161.6,152.9,20.2,18.7,1184.2,2.8,195,794.5,191.8
South Interior Karnataka,2015,1.7,0.2,24.4,80.5,125.3,218.7,112,136.6,164.5,106.1,138.1,4.4,1112.5,1.9,230.2,631.8,248.6
South Interior Karnataka,2016,3.6,0.4,3.2,8.8,92,172.2,196.5,85.9,62.8,21.9,9.1,31,687.3,4,103.9,517.4,61.9
South Interior Karnataka,2017,5,0,16.8,34.1,140.9,107.6,125.9,181.4,250.3,178.3,13.8,7.7,1061.7,5,191.8,665.2,199.8
South Interior Karnataka,2018,82.1,72.4,85.3,110.5,140.7,190.2,230.4,215.3,205.6,155.4,105.3,95.6,1698.8,154.5,336.5,841.5,366.3
South Interior Karnataka,2019,85.3,75.8,88.6,115.0,145.9,195.7,240.5,225.8,215.4,160.5,110.6,100.1,1778.9,161.1,349.5,877.4,386.1
South Interior Karnataka,2020,88.4,78.6,92.4,120.3,150.5,205.4,250.3,235.6,225.9,165.8,115.4,105.8,1852.8,167.0,363.2,917.6,401.2
South Interior Karnataka,2021,91.7,81.5,96.2,125.1,155.6,215.8,260.5,245.4,235.8,170.2,120.1,110.6,1918.5,173.2,377.0,957.7,416.1
South Interior Karnataka,2022,94.8,85.1,100.1,130.5,160.3,225.3,270.8,255.9,245.4,175.6,125.6,115.8,1984.3,179.9,390.9,997.4,431.2
South Interior Karnataka,2023,98.5,88.3,104.2,135.2,165.7,235.6,280.5,265.8,255.4,180.8,130.2,120.3,2054.5,186.8,404.7,1037.8,447.7
Kerala,1901,28.7,44.7,51.6,160,174.7,824.6,743,357.5,197.7,266.9,350.8,48.4,3248.6,73.4,386.2,2122.8,666.1
Kerala,1902,6.7,2.6,57.3,83.9,134.5,390.9,1205,315.8,491.6,358.4,158.3,121.5,3326.6,9.3,275.7,2403.4,638.2
Kerala,1903,3.2,18.6,3.1,83.6,249.7,558.6,1022.5,420.2,341.8,354.1,157,59,3271.2,21.7,336.3,2343,570.1
Kerala,1904,23.7,3,32.2,71.5,235.7,1098.2,725.5,351.8,222.7,328.1,33.9,3.3,3129.7,26.7,339.4,2398.2,365.3
Kerala,1905,1.2,22.3,9.4,105.9,263.3,850.2,520.5,293.6,217.2,383.5,74.4,0.2,2741.6,23.4,378.5,1881.5,458.1
Kerala,1906,26.7,7.4,9.9,59.4,160.8,414.9,954.2,442.8,131.2,251.7,163.1,86,2708,34.1,230,1943.1,500.8
Kerala,1907,18.8,4.8,55.7,170.8,101.4,770.9,760.4,981.5,225,309.7,219.1,52.8,3671.1,23.7,328,2737.8,581.7
Kerala,1908,8,20.8,38.2,102.9,142.6,592.6,902.2,352.9,175.9,253.3,47.9,11,2648.3,28.8,283.7,2023.6,312.2
Kerala,1909,54.1,11.8,61.3,93.8,473.2,704.7,782.3,258,195.4,212.1,171.1,32.3,3050.2,65.9,628.3,1940.4,415.5
Kerala,1910,2.7,25.7,23.3,124.5,148.8,680,484.1,473.8,248.6,356.6,280.4,0.1,2848.6,28.4,296.7,1886.5,637
Kerala,1911,3,4.3,18.2,51,180.6,990,705.3,178.6,60.2,302.3,145.7,87.6,2726.7,7.3,249.7,1934,535.7
Kerala,1912,1.9,15,11.2,122.7,217.3,948.2,833.6,534.4,136.8,469.5,138.7,22,3451.3,16.9,351.1,2453.1,630.2
Kerala,1913,3.1,5.2,20.7,75.7,198.8,541.7,763.2,247.2,176.9,422.5,109.9,45.8,2610.8,8.3,295.2,1729,578.3
Kerala,1914,0.7,6.8,18.1,32.7,164.2,565.3,857.7,402.2,241,374.4,100.9,135.2,2899.1,7.6,215,2066.1,610.5
Kerala,1915,16.9,23.5,42.7,106,154.5,696.1,775.6,298.8,396.6,196.6,302.5,14.9,3024.5,40.4,303.1,2167,514
Kerala,1916,0,7.8,22,82.4,199,920.2,513.9,396.9,339.3,320.7,134.3,8.9,2945.3,7.8,303.4,2170.2,463.9
Kerala,1917,2.9,47.6,79.4,38.1,122.9,703.7,342.7,335.1,470.3,264.1,256.4,41.6,2704.8,50.5,240.4,1851.7,562.1
Kerala,1918,42.9,5,32.8,51.3,683,464.3,167.5,376,96.4,233.2,295.4,54.1,2501.9,47.9,767,1104.3,582.6
Kerala,1919,43,6.1,33.9,65.9,247,636.8,648,484.2,255.9,249.2,280.1,53,3003.3,49.2,346.8,2025,582.3
Kerala,1920,35.2,5.5,24.1,172,87.7,964.3,940.8,235,178,350.1,302.3,8.2,3303.1,40.6,283.7,2318.2,660.6
Kerala,1921,43,4.7,15,171.3,104.1,489.1,639.8,641.9,156.7,302.4,136.2,15.8,2719.9,47.8,290.3,1927.5,454.3
Kerala,1922,30.5,21.4,16.3,89.6,293.6,663.1,1025.1,320.6,222.4,266.3,293.7,25.1,3267.6,51.9,399.4,2231.2,585.1
Kerala,1923,24.7,0.7,78.9,43.5,80,722.5,1008.7,943,254.3,203.1,83.9,41.6,3484.7,25.3,202.3,2928.4,328.6
Kerala,1924,19.3,2.9,66.6,111,185.4,1011.7,1526.5,624,289.1,176.5,162.9,50.4,4226.4,22.2,363,3451.3,389.9
Kerala,1925,4.1,16.5,76.9,93.4,258.2,688.8,593.5,554.1,158.8,295.4,223.7,98.8,3062.1,20.5,428.5,1995.2,617.9
Kerala,1926,28.6,5.8,23.1,55.8,222.6,563.9,885.2,536,322.7,216.7,88.8,16.2,2965.4,34.4,301.5,2307.8,321.7
Kerala,1927,18.8,35.3,49.6,86.5,265.4,720.2,888.2,315,335.6,135.8,137.6,6.8,2994.7,54.1,401.4,2258.9,280.2
Kerala,1928,12.7,65.9,51.3,121.1,81.9,590.7,420.6,553.2,75.9,321.5,155.2,52.7,2502.8,78.6,254.3,1640.4,529.4
Kerala,1929,12.8,29.8,58.9,210.7,148,946.6,844,293.9,268.9,350.4,158.2,39.4,3361.6,42.6,417.6,2353.5,548
Kerala,1930,10.8,10.8,39,102.7,404.9,633.1,401.7,273.4,411.5,433.9,207,89.2,3018,21.6,546.5,1719.7,730.2
Kerala,1931,3.3,0.3,19.2,126.9,131.7,541.7,653.9,1199.2,163.2,149.3,164.3,106.5,3259.6,3.6,277.8,2558,420.1
Kerala,1932,0.1,19.3,28.6,113,646.5,341,716.4,423.2,317.3,543.2,223.2,31.3,3403,19.4,788.1,1797.8,797.7
Kerala,1933,1,9.3,36.9,139.5,738.8,859.3,773.4,479.5,469.7,397,126.1,42.3,4072.9,10.3,915.2,2581.9,565.5
Kerala,1934,74.5,1.7,47.7,92.4,106.7,852.9,415,337.2,48.4,335.9,93.4,4.9,2410.7,76.2,246.8,1653.5,434.2
Kerala,1935,23.9,8.3,18.1,120.7,56.6,431.3,687.3,280.9,283.3,403.8,153,30.9,2498.2,32.3,195.4,1682.9,587.6
Kerala,1936,1.2,16.5,116,34,466.5,620.8,672.1,367.9,286.7,231.7,211.1,18.6,3043.3,17.7,616.6,1947.5,461.5
Kerala,1937,6.5,21.2,58.7,175.5,137.1,485.6,970.5,281.2,139.8,401.9,121,19.1,2818.2,27.7,371.3,1877.1,542
Kerala,1938,0.3,79,53.3,164.5,179.6,681.6,648.6,287.9,223.2,223.7,69.5,22.9,2634.1,79.4,397.3,1841.3,316.1
Kerala,1939,13.6,3.6,24.9,172.8,105.1,625.8,749.6,459.9,134.1,339.8,298.1,10.2,2937.5,17.2,302.8,1969.4,648.1
Kerala,1940,0.6,1.5,3.8,126.5,217.4,606.4,877.3,610.8,68.2,257.7,287.5,60.1,3117.8,2.1,347.6,2162.7,605.3
Kerala,1941,15.9,4.6,12.7,101.9,417.5,797.6,517.9,458.5,257.9,221.6,220.5,84.6,3111.1,20.5,532,2031.8,526.7
Kerala,1942,2.4,4.7,23.2,180.3,191.9,813.6,828.8,329.3,99.8,374.4,84.7,117.9,3050.9,7,395.4,2071.4,577
Kerala,1943,83.5,14.6,38.4,107.5,478.4,794.5,831.6,183.3,257.6,427.2,223.4,24.3,3464.2,98.1,624.3,2067,674.9
Kerala,1944,6.4,26.6,61.6,61.6,212.7,498.9,614.1,230.7,155,289,244.1,89.2,2490,33,336,1498.7,622.3
Kerala,1945,4.4,9.9,12.7,104.1,53.4,549.8,704,351.8,110.9,253.8,259.5,18,2432.4,14.3,170.2,1716.5,531.4
Kerala,1946,1.8,5.4,108.4,139.8,83,919,671.7,695.6,199.4,266.1,273,202.3,3565.5,7.3,331.2,2485.7,741.3
Kerala,1947,22.2,27.3,98,142.2,85.7,556.1,669.3,739.6,394.5,183.7,32.4,47,2998.1,49.5,325.9,2359.5,263.2
Kerala,1948,43,8.3,48.2,125,212.3,910.2,619,487.9,166.6,183.9,215.6,19.2,3039.2,51.3,385.5,2183.7,418.7
Kerala,1949,0.6,1.8,4.5,98.1,440,536.3,758.7,445.2,354.5,229.1,71.9,1.8,2942.6,2.4,542.6,2094.7,302.8
Kerala,1950,0.1,53.7,31.1,68.5,242,638.3,905.7,387.3,411.6,250.4,149.2,8.8,3146.6,53.8,341.5,2342.9,408.4
Kerala,1951,6.6,6.5,41.6,175.9,148.5,774.1,544.6,190.6,313.8,250.6,229.6,23.2,2705.5,13.1,366,1823,503.5
Kerala,1952,5.2,48.2,20.8,112.2,214.6,576.7,430,413.6,57.4,339.6,49.6,66.9,2334.8,53.4,347.6,1477.7,456.1
Kerala,1953,13.1,22.6,18.5,132.4,55.4,340.5,1027.6,356.4,100.5,410.5,62.2,5.1,2544.9,35.7,206.3,1825.1,477.8
Kerala,1954,23.5,2.8,90.6,136.9,179.5,798.3,640.5,467,201.6,303.1,31.6,62.5,2938,26.3,407,2107.4,397.2
Kerala,1955,4.2,6.3,28.2,125.9,544.2,782.4,392.8,236,438.5,378.2,178.1,19.8,3134.7,10.5,698.3,1849.7,576.1
Kerala,1956,7.9,11.7,15.1,151.6,351.3,755.4,466.8,319.5,178.4,353.3,178.2,9.1,2798.4,19.6,518,1720.1,540.6
Kerala,1957,1.2,16,25.7,70.2,381.2,872,835.3,358.8,41.3,280.1,192.5,28.9,3103.3,17.2,477.2,2107.4,501.5
Kerala,1958,4.4,19.3,57.3,135.1,353.5,713.3,622.7,526.6,86.1,191,206.1,7.7,2923.1,23.7,545.9,1948.7,404.8
Kerala,1959,3,21.4,6.3,150.7,347.2,872.8,1155.7,397.3,405.5,200.4,151.9,34,3746,24.3,504.2,2831.2,386.3
Kerala,1960,9.4,8.4,44.4,206.6,540,480.3,750.9,336.8,371.2,255.9,358,23.7,3385.5,17.8,791,1939.2,637.5
Kerala,1961,13.7,31.3,11.4,94.1,500.5,1005.2,1146.5,678.3,399.3,274.2,85.9,17.5,4257.8,45,606,3229.3,377.6
Kerala,1962,28.4,54.7,39.6,95.1,472.4,244.9,951.1,510.7,394.9,475.6,31.5,76.9,3375.8,83.1,607.1,2101.6,584
Kerala,1963,30.2,24.8,69.8,96.3,157.1,393.3,720.2,511,223.9,282.6,93.4,48.4,2651.1,55,323.2,1848.5,424.4
Kerala,1964,1.1,7.8,67.2,83.3,94.8,379.4,754.2,548,398.2,325.7,191.7,17.8,2869.1,8.8,245.2,2079.8,535.2
Kerala,1965,9.1,0.9,28.3,109.8,214.5,597.7,465.1,296.1,150.1,183.7,131.7,155.5,2342.4,10,352.6,1508.9,470.9
Kerala,1966,3,6.9,67.7,167.4,95.2,496.2,601.9,202.1,293.2,392.3,245.4,50.5,2621.7,9.9,330.3,1593.3,688.2
Kerala,1967,14.3,0.1,24.6,70.1,244.9,541.7,741.4,508.4,145.8,172.7,74,31.1,2569.1,14.4,339.6,1937.3,277.8
Kerala,1968,7.3,30.5,89.2,133.3,90,696.4,1308.9,380.7,325.4,178.9,119.4,32.7,3392.7,37.8,312.5,2711.4,331
Kerala,1969,2.7,6.4,19.4,117.2,227.4,550.5,818.8,284.8,216.4,235.6,119.4,66.3,2665,9.1,364,1870.6,421.3
Kerala,1970,12.9,17.6,25.8,132.7,289.1,535.3,558.1,554.8,212.5,278.3,80.5,5.7,2703.5,30.5,447.7,1860.7,364.6
Kerala,1971,31.6,18.5,20,113,317.5,889.6,648.6,385.2,331.2,220.9,38.3,62.3,3076.8,50.1,450.6,2254.6,321.5
Kerala,1972,2.6,7.5,2.5,87.5,436,401.8,714.4,294.9,185.7,351.5,140.5,114.3,2739.4,10.2,526,1596.8,606.4
Kerala,1973,0,0.3,12.3,131.5,119.9,617,583.5,487.5,61.3,260.8,84.5,53.8,2412.5,0.3,263.8,1749.2,399.2
Kerala,1974,1.6,5.4,16,128,221.5,266.9,1004.2,533.6,383.6,142.1,61,3.6,2767.4,7,365.6,2188.2,206.6
Kerala,1975,5.2,21.4,63.4,123.8,162.2,864.4,531.3,675.9,457.7,368.9,204.3,19.9,3498.4,26.6,349.3,2529.3,593.1
Kerala,1976,0.1,1.5,21,134.5,75.8,196.8,641.5,342.6,116.2,221.3,286.7,30.8,2068.8,1.6,231.3,1297.1,538.8
Kerala,1977,1.1,15.7,28.3,102.3,306.4,599.6,753.3,234.2,201.3,437,361.7,6.7,3047.6,16.8,436.9,1788.5,805.4
Kerala,1978,3.3,14.7,31.4,73.9,396.8,758.1,686.7,516.8,119.4,171,365.6,39,3176.7,18,502.1,2081.1,575.6
Kerala,1979,2.4,30,11.7,42,127.7,582.9,662.2,383.7,211.7,163.8,261.7,23.3,2503,32.4,181.3,1840.5,448.8
Kerala,1980,0,0.9,20.8,114.8,105.3,745.9,754,438.1,139.5,282.3,162.3,39.5,2803.4,0.9,240.9,2077.5,484.1
Kerala,1981,7,6.8,28.5,75.9,166.3,912.4,489.8,495.6,376.6,265,138.6,43.3,3005.9,13.8,270.8,2274.4,446.9
Kerala,1982,0.7,0.1,21.9,60.4,148.2,612.2,511.5,495,70.6,164.4,127.5,10.8,2223.3,0.8,230.6,1689.2,302.7
Kerala,1983,0.2,1.5,0.9,13.1,76,322.8,583.2,579.9,421.1,136.2,116.5,69.1,2320.3,1.7,89.9,1906.9,321.8
Kerala,1984,36.8,60,95.3,162.1,84.6,842.6,653.6,284.4,171.1,286,67.7,18,2762.1,96.8,342,1951.6,371.7
Kerala,1985,61.2,6.1,29.3,66.6,254.2,828.7,388.9,315.3,117.6,204,74.9,44,2390.5,67.3,350,1650.4,322.8
Kerala,1986,5.6,18.7,11.2,63.1,126.7,597.9,324.8,340.3,235.4,165.5,194.7,9.5,2093.2,24.3,200.9,1498.4,369.6
Kerala,1987,0.6,0.8,4.3,57.2,108.3,572.6,221,396.6,157,272.1,216,131.1,2137.6,1.4,169.7,1347.2,619.2
Kerala,1988,0.8,17.5,38.1,177.6,157.2,511.3,502.8,379.8,451.7,68.5,67,31.1,2403.5,18.3,372.9,1845.7,166.6
Kerala,1989,10.3,0,30.1,141.5,169.4,657.5,450.7,285.5,271.1,308,92.9,5.6,2422.7,10.3,341.1,1664.7,406.5
Kerala,1990,14.9,4.8,18,41.8,488.5,528.6,635.4,370.8,103.3,323.2,158.8,5.2,2693.1,19.7,548.3,1638,487.2
Kerala,1991,10.9,4.4,33.2,97,113.4,1096.1,905.5,465.5,48.5,307.8,99.9,2.3,3184.5,15.3,243.6,2515.6,410
Kerala,1992,2.4,0.9,0.1,43,218.4,819.3,767.8,508,297.5,290.7,287.6,3.7,3239.5,3.4,261.6,2392.5,582.1
Kerala,1993,0,17.8,20.1,66.5,159,657.1,776.1,301.9,88,431.2,153.8,46.2,2717.7,17.8,245.6,1823.1,631.3
Kerala,1994,24.3,27.1,18.1,154.5,141.3,845,955.5,479.9,212.6,428.4,117.6,6.5,3410.8,51.4,313.9,2493,552.5
Kerala,1995,10.3,6.5,37.3,134.9,355.6,493.4,702.5,457.3,280,198.3,182.6,0.1,2858.8,16.8,527.8,1933.2,380.9
Kerala,1996,2.8,9.1,14.4,124.3,74.3,572.4,696,327.4,342.7,294.1,89.9,62.5,2610,11.8,213,1938.5,446.6
Kerala,1997,2.1,1.5,36.1,60.6,133.6,544.2,970.5,536,292.2,288.9,298.4,88.4,3252.4,3.7,230.2,2342.9,675.7
Kerala,1998,6,2.1,8.1,61.1,151.6,732.5,641.4,371.8,517.6,444.8,135,79.4,3151.5,8,220.8,2263.4,659.3
Kerala,1999,1.8,23.8,21.4,111.6,453.2,607.3,700.4,266.3,88,567.9,68.1,4.9,2914.6,25.5,586.2,1661.9,640.9
Kerala,2000,11.7,57.8,21.5,96.3,124.5,633.8,343.2,566.5,195.8,214.2,78.1,69.1,2412.6,69.5,242.3,1739.4,361.5
Kerala,2001,16.5,28.3,7,238,238.6,715.3,598.5,361.3,216.8,319.6,181,10.1,2931.1,44.7,483.7,1892,510.7
Kerala,2002,4.7,8.7,35.7,117.3,330.8,503.1,318.7,438.2,99,511.7,137.5,2.1,2507.4,13.3,483.7,1359,651.3
Kerala,2003,0.7,50.9,82.1,134.4,91,566.7,532,350.3,93.6,407,76.4,9.7,2394.9,51.6,307.5,1542.6,493.1
Kerala,2004,2.4,8.1,37.9,113.2,610.9,673.4,385.4,417.9,192.8,320.6,120.7,2.7,2886.1,10.5,762,1669.5,444
Kerala,2005,19.8,7,25.3,205.9,134.8,619.2,832.7,291,414.7,240.1,184.3,56.4,3031.1,26.8,366,2157.6,480.7
Kerala,2006,8.1,0.5,90.7,65.3,521.2,482.4,804,432.6,474.8,376.4,162.8,1.8,3420.6,8.6,677.2,2193.8,541
Kerala,2007,0.5,5.6,7.3,138.5,192.7,705.9,966.3,489.6,526.7,357.2,87.4,11.9,3489.6,6.1,338.4,2688.5,456.5
Kerala,2008,0.8,30.3,217.2,108.4,81.2,469.9,505.1,349,347,343.4,55.4,17,2524.5,31.1,406.7,1670.9,415.7
Kerala,2009,3.3,1.5,62.6,69,191.6,438.2,924.9,269.3,326.5,205.2,274.4,44.2,2810.6,4.8,323.1,1958.9,523.8
Kerala,2010,18.6,1,31.4,138.9,190.6,667.5,629,356,275.6,441.4,335.1,46.8,3131.8,19.6,360.9,1928,823.3
Kerala,2011,20.5,45.7,24.1,165.2,124.2,788.5,536.8,492.7,391.2,227.2,169.7,49.5,3035.1,66.2,313.5,2209.1,446.3
Kerala,2012,7.4,11,21,171.1,95.3,430.3,362.6,501.6,241.1,187.5,112.9,9.4,2151.1,18.3,287.4,1535.6,309.8
Kerala,2013,3.9,40.1,49.9,49.3,119.3,1042.7,830.2,369.7,318.6,259.9,154.9,17,3255.4,43.9,218.5,2561.2,431.8
Kerala,2014,4.6,10.3,17.9,95.7,251,454.4,677.8,733.9,298.8,355.5,99.5,47.2,3046.4,14.9,364.5,2164.8,502.1
Kerala,2015,3.1,5.8,50.1,214.1,201.8,563.6,406,252.2,292.9,308.1,223.6,79.4,2600.6,8.9,465.9,1514.7,611.1
Kerala,2016,3,16.4,22.4,33.3,258.4,595.7,441.5,231,84.1,105.1,57.9,22,1870.9,19.3,314.2,1352.3,185
Kerala,2017,12.7,0.3,87.8,52.8,213.3,579.8,378.5,462.6,435.5,228,152.1,61.4,2664.9,13,353.9,1856.5,441.5
Kerala,2018,132.5,120.7,145.3,180.2,210.7,300.9,350.3,330.5,320.6,240.4,180.7,165.4,2678.6,253.2,536.2,1302.3,586.9
Kerala,2019,136.7,125.8,150.4,185.7,215.8,310.6,360.8,340.7,330.9,245.7,185.9,170.8,2758.7,262.5,551.9,1362.3,582.0
Kerala,2020,140.6,130.1,155.8,190.4,220.3,320.7,370.5,350.3,340.8,250.8,190.7,175.4,2846.4,270.7,566.5,1422.3,586.9
Kerala,2021,145.8,135.3,160.3,195.4,225.8,330.8,380.9,360.6,350.7,255.6,195.4,180.8,2936.7,281.1,581.5,1482.4,591.7
Kerala,2022,150.3,140.6,165.4,200.7,230.9,340.6,390.8,370.5,360.6,260.7,200.8,185.3,3026.7,290.9,596.7,1542.5,596.8
Kerala,2023,155.7,145.9,170.5,205.4,235.7,350.8,400.5,380.4,370.7,265.3,205.7,190.9,3116.5,301.6,611.6,1602.4,600.7